$Wangjiaba CMFD 1981 meteorological data,,,,,,
cloud cover from CMFD shortwave radiation,,,,,,
JDAY,TAIR,TDEW,WIND,PHI,CLOUD,
1.000,-1.321,-11.665,3.015,270.000,5.586,
2.000,-2.202,-12.978,2.320,270.000,5.374,
3.000,-0.301,-11.710,4.849,270.000,5.535,
4.000,2.050,-7.571,4.725,270.000,6.658,
5.000,0.697,-0.673,4.265,270.000,8.815,
6.000,0.436,-2.946,2.333,270.000,8.773,
7.000,2.095,-3.500,2.268,270.000,8.119,
8.000,3.804,-0.101,1.787,270.000,5.702,
9.000,2.749,1.082,2.224,270.000,8.875,
10.000,1.514,-8.314,4.449,270.000,5.496,
11.000,4.133,-6.781,5.127,270.000,5.255,
12.000,5.204,-4.122,4.334,270.000,5.333,
13.000,6.750,-1.443,2.786,270.000,5.582,
14.000,7.272,1.069,5.526,270.000,5.534,
15.000,-1.043,-8.532,3.792,270.000,5.467,
16.000,-1.407,-10.062,2.194,270.000,5.237,
17.000,2.930,-5.589,2.912,270.000,5.590,
18.000,4.805,-3.748,2.673,270.000,6.645,
19.000,2.994,-2.070,3.836,270.000,7.155,
20.000,-0.496,-1.326,4.626,270.000,8.844,
21.000,-0.457,-1.860,4.014,270.000,9.221,
22.000,1.438,-0.531,5.078,270.000,9.175,
23.000,-0.213,-0.585,4.428,270.000,8.959,
24.000,-1.648,-4.438,4.142,270.000,8.424,
25.000,-2.751,-6.216,4.544,270.000,8.657,
26.000,-4.391,-11.187,2.827,270.000,8.964,
27.000,-3.810,-8.351,2.090,270.000,8.650,
28.000,-0.275,-5.017,1.387,270.000,5.369,
29.000,0.447,-3.030,2.224,270.000,8.414,
30.000,-0.014,-2.791,1.668,270.000,8.575,
31.000,1.143,-1.938,2.532,270.000,7.579,
32.000,3.053,-0.607,2.198,270.000,5.535,
33.000,2.627,0.543,1.716,270.000,7.974,
34.000,1.445,-2.697,3.269,270.000,5.708,
35.000,2.607,-2.906,4.881,270.000,5.150,
36.000,2.064,-0.435,1.925,270.000,7.718,
37.000,3.187,-1.345,0.579,270.000,5.257,
38.000,7.189,-0.551,3.154,270.000,5.171,
39.000,8.451,-2.963,5.134,270.000,5.180,
40.000,4.738,-5.102,2.342,270.000,5.437,
41.000,6.667,-4.980,4.157,270.000,4.905,
42.000,8.980,0.130,3.328,270.000,6.841,
43.000,9.001,7.325,2.326,270.000,8.745,
44.000,10.580,7.852,2.711,270.000,5.715,
45.000,10.892,9.268,3.888,270.000,6.007,
46.000,6.735,6.036,6.830,270.000,8.791,
47.000,-0.015,-0.691,4.667,270.000,8.788,
48.000,2.590,-0.554,2.608,270.000,7.886,
49.000,4.587,2.269,3.386,270.000,7.646,
50.000,3.710,2.916,3.482,270.000,8.790,
51.000,4.079,1.406,3.409,270.000,6.440,
52.000,6.634,4.114,3.090,270.000,6.024,
53.000,8.818,6.775,2.882,270.000,6.991,
54.000,3.363,2.319,4.866,270.000,8.746,
55.000,2.269,-3.573,2.804,270.000,7.617,
56.000,0.751,-5.541,3.282,270.000,5.640,
57.000,0.091,-6.503,4.381,270.000,6.200,
58.000,-0.452,-5.796,5.049,270.000,6.848,
59.000,2.763,-2.279,2.276,270.000,6.806,
60.000,2.196,1.854,3.038,270.000,8.670,
61.000,3.768,2.447,2.514,270.000,8.642,
62.000,5.424,2.646,2.761,270.000,7.796,
63.000,9.233,0.376,3.291,270.000,4.569,
64.000,11.191,2.903,3.612,270.000,5.269,
65.000,9.650,-2.518,4.558,270.000,4.287,
66.000,13.060,2.138,6.606,270.000,4.429,
67.000,6.364,-0.681,3.382,270.000,4.968,
68.000,8.634,-0.533,3.336,270.000,4.837,
69.000,9.534,1.270,5.694,270.000,6.849,
70.000,10.622,6.304,1.816,270.000,7.459,
71.000,11.172,9.349,0.602,270.000,8.335,
72.000,14.792,10.980,2.601,270.000,5.160,
73.000,13.031,1.000,4.072,270.000,4.862,
74.000,12.379,0.093,4.226,270.000,4.508,
75.000,13.897,4.838,3.012,270.000,4.314,
76.000,15.433,6.457,3.513,270.000,4.862,
77.000,12.612,8.735,3.196,270.000,5.644,
78.000,14.193,11.601,5.088,270.000,6.136,
79.000,13.594,8.971,4.143,270.000,4.865,
80.000,16.421,6.873,3.467,270.000,4.409,
81.000,17.945,11.991,3.802,270.000,5.101,
82.000,13.388,11.911,5.944,270.000,8.566,
83.000,10.867,8.553,5.221,270.000,7.551,
84.000,11.705,1.437,4.868,270.000,4.971,
85.000,13.213,2.415,3.816,270.000,4.199,
86.000,11.497,10.288,2.259,270.000,8.514,
87.000,12.555,11.689,2.607,270.000,8.301,
88.000,9.860,8.443,4.728,270.000,8.548,
89.000,8.990,8.384,2.567,270.000,8.558,
90.000,11.445,10.874,2.950,270.000,8.614,
91.000,10.688,9.842,4.279,270.000,8.808,
92.000,9.406,6.199,3.678,270.000,6.981,
93.000,7.706,6.695,2.130,270.000,8.571,
94.000,9.384,7.042,1.405,270.000,7.100,
95.000,12.610,9.759,2.418,270.000,5.402,
96.000,14.836,10.034,4.492,270.000,4.741,
97.000,12.409,8.757,5.617,270.000,8.343,
98.000,11.880,10.759,2.523,270.000,8.524,
99.000,13.907,11.518,3.174,270.000,6.106,
100.000,16.066,12.713,2.495,270.000,6.172,
101.000,17.375,14.195,1.634,270.000,5.807,
102.000,16.598,13.416,2.937,270.000,6.723,
103.000,15.280,9.722,6.580,270.000,4.513,
104.000,17.206,14.265,2.118,270.000,6.333,
105.000,17.572,14.529,2.365,270.000,5.219,
106.000,20.235,16.168,2.802,270.000,5.224,
107.000,12.277,11.235,6.222,270.000,8.466,
108.000,13.633,11.757,3.038,270.000,6.401,
109.000,15.397,10.270,2.720,270.000,5.592,
110.000,15.439,9.642,1.316,270.000,6.790,
111.000,18.071,12.139,2.835,270.000,4.207,
112.000,21.015,14.285,3.341,270.000,4.026,
113.000,21.502,15.312,4.056,270.000,4.009,
114.000,13.209,7.296,2.982,270.000,8.094,
115.000,17.429,7.765,2.426,270.000,4.054,
116.000,18.815,10.944,3.492,270.000,4.075,
117.000,20.310,14.404,2.480,270.000,3.911,
118.000,20.927,15.636,3.122,270.000,4.285,
119.000,18.769,9.694,2.003,270.000,3.864,
120.000,21.945,13.774,2.663,270.000,4.091,
121.000,24.239,18.228,4.545,270.000,5.190,
122.000,15.501,4.022,4.284,270.000,8.367,
123.000,16.684,3.288,4.544,270.000,3.852,
124.000,19.148,6.942,4.993,270.000,3.877,
125.000,20.890,9.041,6.348,270.000,3.757,
126.000,24.203,11.707,6.170,270.000,3.814,
127.000,26.789,15.535,5.208,270.000,3.761,
128.000,27.657,17.852,5.108,270.000,3.761,
129.000,25.032,17.753,2.821,270.000,4.111,
130.000,23.077,12.783,5.255,270.000,4.281,
131.000,17.338,3.227,2.368,270.000,7.320,
132.000,19.413,5.059,3.503,270.000,3.730,
133.000,21.413,9.461,3.324,270.000,4.793,
134.000,16.994,14.157,1.351,270.000,8.380,
135.000,19.989,8.608,3.961,270.000,3.732,
136.000,20.301,7.828,3.674,270.000,3.843,
137.000,23.363,7.751,5.958,270.000,4.035,
138.000,18.610,12.521,2.513,270.000,4.295,
139.000,20.736,11.322,2.564,270.000,4.271,
140.000,20.545,9.593,3.141,270.000,4.049,
141.000,21.231,9.973,3.079,270.000,3.670,
142.000,21.272,12.186,1.989,270.000,5.787,
143.000,22.447,11.130,2.530,270.000,3.712,
144.000,25.024,10.554,3.055,270.000,3.769,
145.000,25.521,15.277,3.445,270.000,4.343,
146.000,23.718,20.425,2.631,270.000,8.275,
147.000,25.875,16.535,3.727,270.000,4.571,
148.000,25.851,7.934,3.295,270.000,3.641,
149.000,17.905,13.790,2.996,270.000,8.294,
150.000,21.529,14.724,2.396,270.000,3.685,
151.000,22.552,14.692,3.093,270.000,4.904,
152.000,21.844,9.842,4.115,270.000,3.689,
153.000,19.436,8.703,4.510,270.000,4.411,
154.000,21.351,10.771,1.293,270.000,4.330,
155.000,23.758,12.249,3.031,270.000,3.531,
156.000,24.275,9.955,3.999,270.000,3.443,
157.000,26.952,13.543,2.398,270.000,3.544,
158.000,27.937,17.080,2.874,270.000,5.030,
159.000,26.992,20.992,2.398,270.000,7.664,
160.000,21.946,21.432,3.319,270.000,8.430,
161.000,20.971,18.946,4.193,270.000,8.338,
162.000,19.984,18.610,1.978,270.000,8.224,
163.000,22.762,18.172,1.727,270.000,4.973,
164.000,24.405,17.266,3.068,270.000,3.702,
165.000,25.796,17.113,3.912,270.000,3.682,
166.000,27.558,19.600,3.961,270.000,3.539,
167.000,30.186,19.445,3.104,270.000,3.546,
168.000,30.299,19.989,2.144,270.000,3.923,
169.000,31.493,21.993,1.983,270.000,3.886,
170.000,32.438,24.409,2.098,270.000,3.873,
171.000,32.735,25.338,2.629,270.000,3.862,
172.000,27.418,22.961,3.640,270.000,6.110,
173.000,28.812,18.717,3.040,270.000,6.290,
174.000,23.998,19.889,3.124,270.000,8.317,
175.000,23.234,20.855,2.564,270.000,7.982,
176.000,22.140,21.442,2.145,270.000,8.345,
177.000,28.313,24.638,4.599,270.000,5.860,
178.000,25.088,23.437,3.669,270.000,7.582,
179.000,24.958,21.965,1.963,270.000,4.438,
180.000,25.895,21.995,3.173,270.000,4.086,
181.000,26.347,23.385,2.503,270.000,5.253,
182.000,27.261,23.178,1.332,270.000,5.468,
183.000,27.801,24.594,2.971,270.000,5.026,
184.000,30.877,23.501,4.769,270.000,4.679,
185.000,30.183,23.252,5.758,270.000,5.741,
186.000,30.699,24.119,5.808,270.000,4.115,
187.000,31.259,25.860,2.681,270.000,4.578,
188.000,32.024,24.759,3.262,270.000,4.356,
189.000,31.757,23.351,5.553,270.000,4.330,
190.000,27.990,24.788,2.885,270.000,5.930,
191.000,24.868,24.438,2.852,270.000,8.917,
192.000,25.493,23.883,2.954,270.000,6.030,
193.000,27.020,23.981,4.020,270.000,5.073,
194.000,29.348,26.689,2.587,270.000,5.296,
195.000,30.574,25.540,2.391,270.000,4.417,
196.000,29.911,24.958,2.798,270.000,4.609,
197.000,27.108,25.297,1.895,270.000,7.107,
198.000,30.359,26.007,2.409,270.000,4.677,
199.000,31.102,26.619,3.125,270.000,4.038,
200.000,29.651,25.284,3.763,270.000,4.120,
201.000,29.192,24.449,4.121,270.000,4.013,
202.000,29.071,25.249,4.065,270.000,4.657,
203.000,29.193,25.295,4.094,270.000,4.128,
204.000,28.975,24.867,3.666,270.000,4.102,
205.000,25.886,25.103,2.986,270.000,8.382,
206.000,26.553,25.313,2.613,270.000,7.678,
207.000,26.981,25.522,3.434,270.000,7.607,
208.000,29.034,26.722,1.697,270.000,5.965,
209.000,30.552,26.800,1.118,270.000,4.587,
210.000,29.848,26.510,1.222,270.000,5.562,
211.000,30.172,26.264,1.076,270.000,4.958,
212.000,29.078,25.726,2.979,270.000,4.398,
213.000,29.104,25.555,3.079,270.000,4.153,
214.000,29.907,25.972,2.727,270.000,4.120,
215.000,31.246,26.012,1.199,270.000,4.057,
216.000,27.951,25.034,3.412,270.000,5.080,
217.000,24.514,22.179,2.538,270.000,7.202,
218.000,29.380,25.977,2.853,270.000,4.460,
219.000,29.879,26.227,2.474,270.000,5.090,
220.000,28.257,26.130,2.242,270.000,7.199,
221.000,27.797,25.302,2.542,270.000,5.795,
222.000,23.542,22.803,2.028,270.000,8.596,
223.000,23.398,22.107,1.105,270.000,8.303,
224.000,26.505,23.478,1.981,270.000,4.500,
225.000,26.319,23.288,3.601,270.000,6.706,
226.000,26.276,24.375,3.795,270.000,5.819,
227.000,28.573,25.583,3.408,270.000,5.074,
228.000,30.531,25.567,2.963,270.000,4.444,
229.000,29.261,26.512,2.295,270.000,4.766,
230.000,29.218,25.365,2.531,270.000,4.852,
231.000,30.180,26.759,2.875,270.000,4.775,
232.000,26.182,24.617,2.281,270.000,8.143,
233.000,25.939,22.981,2.822,270.000,6.771,
234.000,23.345,22.670,3.736,270.000,8.946,
235.000,25.885,24.973,3.433,270.000,8.580,
236.000,22.715,22.244,3.187,270.000,8.618,
237.000,23.858,23.255,1.669,270.000,8.406,
238.000,24.342,20.851,1.957,270.000,4.785,
239.000,25.258,19.815,2.142,270.000,4.279,
240.000,26.089,22.020,2.793,270.000,4.369,
241.000,26.744,21.437,2.082,270.000,5.019,
242.000,26.349,21.916,2.856,270.000,5.403,
243.000,27.037,23.392,3.400,270.000,5.975,
244.000,24.778,22.085,3.916,270.000,7.793,
245.000,23.079,19.709,3.420,270.000,7.202,
246.000,23.546,17.344,2.549,270.000,4.336,
247.000,23.697,16.995,2.303,270.000,5.784,
248.000,25.076,15.972,3.144,270.000,4.826,
249.000,24.586,15.614,3.709,270.000,4.967,
250.000,23.505,18.043,3.492,270.000,6.137,
251.000,21.930,17.598,2.678,270.000,7.502,
252.000,19.890,17.544,1.674,270.000,8.654,
253.000,20.063,16.517,1.914,270.000,6.901,
254.000,18.008,17.118,2.499,270.000,8.706,
255.000,19.615,17.247,1.198,270.000,8.180,
256.000,19.501,16.658,1.531,270.000,7.978,
257.000,20.479,15.822,1.319,270.000,6.864,
258.000,21.334,14.146,2.546,270.000,4.672,
259.000,20.668,14.096,3.080,270.000,5.060,
260.000,21.478,16.598,1.636,270.000,6.069,
261.000,22.540,16.651,1.415,270.000,4.575,
262.000,24.791,17.016,2.671,270.000,4.744,
263.000,24.433,17.000,3.379,270.000,4.809,
264.000,23.714,17.317,4.225,270.000,4.686,
265.000,23.127,20.411,3.622,270.000,8.188,
266.000,20.246,19.829,4.485,270.000,8.827,
267.000,21.756,18.607,2.441,270.000,5.917,
268.000,22.401,18.027,2.856,270.000,4.895,
269.000,23.213,16.943,3.208,270.000,4.791,
270.000,22.484,15.855,3.171,270.000,5.128,
271.000,14.698,10.527,4.722,270.000,8.630,
272.000,12.663,11.558,2.934,270.000,8.667,
273.000,13.840,13.401,2.207,270.000,9.132,
274.000,15.741,15.329,2.007,270.000,9.027,
275.000,16.952,15.459,2.381,270.000,8.716,
276.000,14.763,13.880,3.811,270.000,8.821,
277.000,16.008,14.785,2.371,270.000,8.735,
278.000,14.742,13.243,1.831,270.000,8.817,
279.000,14.521,13.966,2.425,270.000,8.928,
280.000,15.096,14.375,3.079,270.000,9.085,
281.000,10.234,2.567,5.050,270.000,8.638,
282.000,11.523,2.895,2.939,270.000,4.621,
283.000,15.196,7.036,2.864,270.000,4.874,
284.000,13.979,9.576,1.617,270.000,6.959,
285.000,15.806,11.330,1.890,270.000,5.664,
286.000,16.934,12.069,2.621,270.000,5.237,
287.000,15.126,10.367,3.015,270.000,7.789,
288.000,15.428,11.835,2.093,270.000,6.916,
289.000,16.050,14.535,1.939,270.000,8.191,
290.000,16.557,16.075,1.477,270.000,8.849,
291.000,16.491,13.466,3.389,270.000,8.511,
292.000,15.174,13.021,3.507,270.000,8.765,
293.000,16.993,13.995,2.918,270.000,7.710,
294.000,12.318,10.653,5.437,270.000,9.265,
295.000,7.981,0.186,4.613,270.000,7.383,
296.000,8.533,-0.371,4.204,270.000,4.790,
297.000,10.651,1.729,3.784,270.000,4.944,
298.000,11.364,2.557,1.659,270.000,4.985,
299.000,13.743,6.017,2.805,270.000,5.127,
300.000,13.569,8.863,2.770,270.000,7.944,
301.000,13.559,7.874,4.149,270.000,5.346,
302.000,14.970,8.524,3.241,270.000,5.205,
303.000,16.012,9.933,2.451,270.000,5.430,
304.000,13.916,8.573,5.365,270.000,6.104,
305.000,9.664,9.002,4.233,270.000,9.074,
306.000,12.585,9.016,3.290,270.000,5.506,
307.000,13.934,9.124,2.300,270.000,7.195,
308.000,8.866,7.459,6.278,270.000,8.827,
309.000,7.684,7.068,4.877,270.000,9.435,
310.000,6.975,5.353,2.619,270.000,8.824,
311.000,5.328,2.420,2.092,270.000,8.033,
312.000,5.178,-0.345,2.930,270.000,6.178,
313.000,7.068,0.556,3.098,270.000,5.213,
314.000,8.406,2.633,2.701,270.000,5.232,
315.000,9.483,4.485,1.389,270.000,6.297,
316.000,10.593,6.197,1.106,270.000,6.938,
317.000,11.108,6.305,1.964,270.000,5.366,
318.000,13.192,8.937,2.478,270.000,7.050,
319.000,12.741,4.145,3.517,270.000,5.653,
320.000,8.659,1.859,5.128,270.000,5.546,
321.000,4.002,-0.621,3.642,270.000,5.441,
322.000,9.160,4.242,2.487,270.000,5.627,
323.000,12.301,7.092,1.353,270.000,8.251,
324.000,11.597,5.115,3.166,270.000,6.319,
325.000,8.698,6.185,6.133,270.000,8.694,
326.000,7.188,6.623,3.462,270.000,9.014,
327.000,7.860,6.407,2.673,270.000,8.949,
328.000,6.811,4.876,4.273,270.000,8.873,
329.000,7.800,7.118,3.210,270.000,8.975,
330.000,5.120,2.156,4.516,270.000,8.907,
331.000,3.230,-1.109,2.215,270.000,5.644,
332.000,4.475,0.292,2.124,270.000,5.620,
333.000,5.160,2.350,1.840,270.000,8.394,
334.000,2.577,-0.409,3.540,270.000,7.606,
335.000,-1.286,-8.870,3.122,270.000,5.516,
336.000,-2.497,-9.671,2.205,270.000,5.342,
337.000,1.120,-5.098,2.376,270.000,5.722,
338.000,3.450,-0.836,1.679,270.000,6.913,
339.000,1.998,-3.567,1.999,270.000,5.796,
340.000,4.296,-2.749,4.037,270.000,5.646,
341.000,4.024,-2.127,1.986,270.000,5.565,
342.000,4.672,-0.622,2.418,270.000,5.838,
343.000,4.915,-1.380,1.488,270.000,5.596,
344.000,5.822,-1.219,1.759,270.000,5.714,
345.000,6.941,-0.079,2.228,270.000,5.683,
346.000,5.762,-1.602,2.540,270.000,8.696,
347.000,2.869,-3.785,2.311,270.000,8.626,
348.000,2.732,-5.401,1.122,270.000,5.557,
349.000,3.992,-3.870,1.985,270.000,7.764,
350.000,4.300,-3.121,2.328,270.000,5.824,
351.000,2.740,1.270,4.640,270.000,8.450,
352.000,-0.436,-6.282,3.172,270.000,6.106,
353.000,0.521,-7.799,4.658,270.000,5.552,
354.000,4.118,-2.798,4.561,270.000,5.515,
355.000,5.415,-1.121,2.543,270.000,5.586,
356.000,4.707,-2.864,3.088,270.000,5.577,
357.000,4.668,-2.579,1.512,270.000,5.540,
358.000,5.827,0.670,2.667,270.000,5.802,
359.000,7.656,0.714,2.423,270.000,5.855,
360.000,8.283,0.490,3.621,270.000,5.657,
361.000,9.793,4.929,2.512,270.000,5.943,
362.000,2.048,-0.870,5.352,270.000,8.825,
363.000,0.970,-4.831,3.196,270.000,8.778,
364.000,-0.781,-2.571,1.766,270.000,8.402,
365.000,0.989,-1.690,2.651,270.000,5.778,
