origin,name,domain,dag_shape,dag_input_count,desktop_input_count,shared_input_count,canonical_input_count,ki_internal_count,draft_inventory_count,skill_stage_count,manifest_stage_count,desktop_default_field_count,desktop_valid_range_count,desktop_format_count,manifest_tool_count,manifest_tool_existing_count,root
repository,ADCIRC,ocean,mapping,10,10,10,0,10,0,7,7,0,0,10,4,4,/Users/leo/Documents/shaw_manuscript/kiss/models/ADCIRC
repository,ANUGA,flood,mapping,20,20,20,3,17,3,0,0,0,0,20,5,5,/Users/leo/Documents/shaw_manuscript/kiss/models/ANUGA
repository,APEX,agriculture,mapping,21,21,21,5,16,5,0,0,0,0,21,10,10,/Users/leo/Documents/shaw_manuscript/kiss/models/APEX
repository,APSIM,agriculture,mapping,32,32,32,5,27,5,7,8,0,0,32,5,5,/Users/leo/Documents/shaw_manuscript/kiss/models/APSIM
repository,Alpine3D,cryosphere,mapping,30,30,30,5,25,5,8,5,0,0,30,4,4,/Users/leo/Documents/shaw_manuscript/kiss/models/Alpine3D
repository,Amanzi_ATS,infrastructure,mapping,25,25,25,2,23,2,7,5,0,0,25,4,4,/Users/leo/Documents/shaw_manuscript/kiss/models/Amanzi_ATS
repository,AquaCrop,agriculture,mapping,33,33,33,0,33,0,10,10,0,0,33,20,20,/Users/leo/Documents/shaw_manuscript/kiss/models/AquaCrop
repository,BIOME_BGC,biogeochemistry,mapping,37,37,37,5,32,5,13,3,0,0,37,6,6,/Users/leo/Documents/shaw_manuscript/kiss/models/BIOME_BGC
repository,BMI,infrastructure,missing,0,5,0,0,0,0,4,9,4,4,0,0,0,/Users/leo/Documents/shaw_manuscript/kiss/models/BMI
repository,CAESAR_Lisflood,geomorphology,mapping,23,23,23,1,22,1,7,0,0,0,23,5,5,/Users/leo/Documents/shaw_manuscript/kiss/models/CAESAR_Lisflood
repository,CE_QUAL_W2,water_quality,mapping,32,32,32,5,27,5,14,6,0,0,32,16,16,/Users/leo/Documents/shaw_manuscript/kiss/models/CE_QUAL_W2
repository,CISM,cryosphere,mapping,32,32,32,1,31,1,8,8,0,0,32,5,5,/Users/leo/Documents/shaw_manuscript/kiss/models/CISM
repository,CLASSIC,land,mapping,36,36,36,0,36,0,7,5,0,0,36,4,4,/Users/leo/Documents/shaw_manuscript/kiss/models/CLASSIC
repository,CLM5___CTSM,land,mapping,25,25,25,2,23,2,11,5,0,0,25,5,5,/Users/leo/Documents/shaw_manuscript/kiss/models/CLM5___CTSM
repository,COAWST,ocean,mapping,41,41,41,6,35,6,11,5,0,0,41,5,5,/Users/leo/Documents/shaw_manuscript/kiss/models/COAWST
repository,COSIPY,cryosphere,mapping,36,36,36,2,34,2,7,7,0,0,36,5,5,/Users/leo/Documents/shaw_manuscript/kiss/models/COSIPY
repository,CREST,hydrology,mapping,18,18,18,3,15,3,8,5,0,0,18,5,5,/Users/leo/Documents/shaw_manuscript/kiss/models/CREST
repository,CRHM,hydrology,mapping,28,28,28,5,23,5,6,6,0,0,28,15,15,/Users/leo/Documents/shaw_manuscript/kiss/models/CRHM
repository,CWatM,hydrology,mapping,24,24,24,5,19,5,9,6,0,0,24,7,7,/Users/leo/Documents/shaw_manuscript/kiss/models/CWatM
repository,CaMa_Flood,flood,mapping,21,21,21,2,19,2,0,10,0,0,21,6,6,/Users/leo/Documents/shaw_manuscript/kiss/models/CaMa_Flood
repository,Cell2Fire,wildfire,mapping,24,24,24,6,18,6,15,0,0,0,24,4,4,/Users/leo/Documents/shaw_manuscript/kiss/models/Cell2Fire
repository,Climate_Projection,atmosphere,mapping,13,26,13,3,10,3,4,4,4,7,18,0,0,/Users/leo/Documents/shaw_manuscript/kiss/models/Climate_Projection
repository,DART,infrastructure,mapping,13,13,13,0,13,0,9,5,0,0,13,4,4,/Users/leo/Documents/shaw_manuscript/kiss/models/DART
repository,DHSVM,hydrology,mapping,23,23,23,5,18,5,10,5,0,0,23,7,7,/Users/leo/Documents/shaw_manuscript/kiss/models/DHSVM
repository,DLBreach,flood,mapping,32,32,32,1,31,1,8,0,0,0,32,11,11,/Users/leo/Documents/shaw_manuscript/kiss/models/DLBreach
repository,DNDC,biogeochemistry,mapping,43,43,43,7,36,7,7,6,0,0,43,5,5,/Users/leo/Documents/shaw_manuscript/kiss/models/DNDC
repository,DSSAT,agriculture,mapping,75,75,75,7,68,7,1,9,0,0,75,19,19,/Users/leo/Documents/shaw_manuscript/kiss/models/DSSAT
repository,Daisy,agriculture,mapping,24,24,24,4,20,4,6,6,0,0,24,5,5,/Users/leo/Documents/shaw_manuscript/kiss/models/Daisy
repository,DayCent,biogeochemistry,mapping,18,18,18,5,13,5,0,5,0,0,18,4,4,/Users/leo/Documents/shaw_manuscript/kiss/models/DayCent
repository,Delft3D,flood,mapping,27,27,26,9,17,9,8,7,0,0,27,5,5,/Users/leo/Documents/shaw_manuscript/kiss/models/Delft3D
repository,DuMux,groundwater,mapping,16,16,16,1,15,1,7,5,0,0,16,4,4,/Users/leo/Documents/shaw_manuscript/kiss/models/DuMux
repository,DualSPHysics,flood,mapping,24,24,24,1,23,1,7,5,0,0,24,5,5,/Users/leo/Documents/shaw_manuscript/kiss/models/DualSPHysics
repository,EF5,hydrology,missing,0,31,0,0,0,0,8,5,0,0,31,5,5,/Users/leo/Documents/shaw_manuscript/kiss/models/EF5
repository,ELM,land,mapping,24,24,24,2,22,2,9,7,0,0,24,4,4,/Users/leo/Documents/shaw_manuscript/kiss/models/ELM
repository,ELMFIRE,wildfire,mapping,27,27,27,3,24,3,7,0,0,0,27,4,4,/Users/leo/Documents/shaw_manuscript/kiss/models/ELMFIRE
repository,EPANET,water_quality,mapping,24,24,24,0,24,0,9,0,0,0,24,4,4,/Users/leo/Documents/shaw_manuscript/kiss/models/EPANET
repository,EPIC,agriculture,mapping,20,20,20,2,18,2,16,0,0,0,20,16,16,/Users/leo/Documents/shaw_manuscript/kiss/models/EPIC
repository,ESMF,infrastructure,missing,0,10,0,0,0,0,4,9,0,6,0,0,0,/Users/leo/Documents/shaw_manuscript/kiss/models/ESMF
repository,Elmer_Ice,cryosphere,mapping,22,22,22,4,18,4,9,7,0,0,22,5,5,/Users/leo/Documents/shaw_manuscript/kiss/models/Elmer_Ice
repository,FATES,biogeochemistry,mapping,32,32,32,2,30,2,8,5,0,0,32,5,5,/Users/leo/Documents/shaw_manuscript/kiss/models/FATES
repository,FSM2,cryosphere,mapping,62,62,62,4,58,4,7,0,0,0,62,4,4,/Users/leo/Documents/shaw_manuscript/kiss/models/FSM2
repository,FloPy,groundwater,mapping,18,18,18,2,16,2,7,7,0,0,18,5,5,/Users/leo/Documents/shaw_manuscript/kiss/models/FloPy
repository,ForeFire,wildfire,mapping,18,18,17,2,15,2,11,5,0,0,18,6,6,/Users/leo/Documents/shaw_manuscript/kiss/models/ForeFire
repository,GEOPHIRES,geoscience,mapping,27,27,27,1,26,1,7,6,0,0,27,6,6,/Users/leo/Documents/shaw_manuscript/kiss/models/GEOPHIRES
repository,GEOtop,land,mapping,43,43,43,1,42,1,9,5,0,0,43,6,6,/Users/leo/Documents/shaw_manuscript/kiss/models/GEOtop
repository,GIFMod,water_quality,mapping,28,28,28,4,24,4,9,5,0,0,28,4,4,/Users/leo/Documents/shaw_manuscript/kiss/models/GIFMod
repository,GLM,water_quality,mapping,38,38,38,3,35,3,11,0,0,0,38,17,17,/Users/leo/Documents/shaw_manuscript/kiss/models/GLM
repository,GR4J___airGR,hydrology,mapping,12,12,12,1,11,1,7,5,0,0,12,4,4,/Users/leo/Documents/shaw_manuscript/kiss/models/GR4J___airGR
repository,GSFLOW,groundwater,mapping,35,35,35,3,32,3,9,0,0,0,35,5,5,/Users/leo/Documents/shaw_manuscript/kiss/models/GSFLOW
repository,GemPy,geoscience,mapping,19,19,19,1,18,1,0,7,0,0,19,4,4,/Users/leo/Documents/shaw_manuscript/kiss/models/GemPy
repository,GeoClaw,flood,mapping,19,19,19,2,17,2,7,5,0,0,19,4,4,/Users/leo/Documents/shaw_manuscript/kiss/models/GeoClaw
repository,HEC_HMS,hydrology,mapping,23,23,23,4,19,4,9,2,0,0,23,6,6,/Users/leo/Documents/shaw_manuscript/kiss/models/HEC_HMS
repository,HEC_RAS,flood,mapping,24,24,24,1,23,1,10,0,0,0,24,11,11,/Users/leo/Documents/shaw_manuscript/kiss/models/HEC_RAS
repository,HYPE,hydrology,mapping,31,31,31,0,31,0,9,0,0,0,31,23,23,/Users/leo/Documents/shaw_manuscript/kiss/models/HYPE
repository,HexWatershed,hydrology,mapping,18,18,18,0,18,0,6,6,0,0,18,4,4,/Users/leo/Documents/shaw_manuscript/kiss/models/HexWatershed
repository,HydroCNHS,hydrology,mapping,33,33,33,3,30,3,8,6,0,0,33,5,5,/Users/leo/Documents/shaw_manuscript/kiss/models/HydroCNHS
repository,HydroTrend,geomorphology,mapping,36,36,36,0,36,0,6,0,0,0,36,4,4,/Users/leo/Documents/shaw_manuscript/kiss/models/HydroTrend
repository,ISSM,cryosphere,mapping,23,23,23,0,23,0,9,5,0,0,23,4,4,/Users/leo/Documents/shaw_manuscript/kiss/models/ISSM
repository,KINEROS2,hydrology,mapping,14,14,14,2,12,2,7,0,0,0,14,4,4,/Users/leo/Documents/shaw_manuscript/kiss/models/KINEROS2
repository,LDNDC,biogeochemistry,mapping,29,29,29,5,24,5,10,12,0,0,29,20,20,/Users/leo/Documents/shaw_manuscript/kiss/models/LDNDC
repository,LISFLOOD,hydrology,mapping,37,37,37,2,35,2,8,0,0,0,37,4,4,/Users/leo/Documents/shaw_manuscript/kiss/models/LISFLOOD
repository,LPJ_GUESS,biogeochemistry,mapping,24,24,24,3,21,3,0,0,0,0,24,4,4,/Users/leo/Documents/shaw_manuscript/kiss/models/LPJ_GUESS
repository,LPJmL,biogeochemistry,mapping,34,34,34,7,27,7,7,5,0,0,34,6,6,/Users/leo/Documents/shaw_manuscript/kiss/models/LPJmL
repository,Landlab,geomorphology,mapping,20,20,20,1,19,1,4,5,0,0,20,8,8,/Users/leo/Documents/shaw_manuscript/kiss/models/Landlab
repository,Lohmann_Routing,hydrology,mapping,12,12,12,2,10,2,0,3,0,0,12,2,2,/Users/leo/Documents/shaw_manuscript/kiss/models/Lohmann_Routing
repository,MARRMoT,hydrology,mapping,13,13,13,3,10,3,9,5,0,0,13,5,5,/Users/leo/Documents/shaw_manuscript/kiss/models/MARRMoT
repository,MODFLOW6,groundwater,mapping,23,23,23,1,22,1,11,9,0,0,23,28,28,/Users/leo/Documents/shaw_manuscript/kiss/models/MODFLOW6
repository,MOM6,ocean,mapping,36,36,36,7,29,7,4,0,0,0,36,4,4,/Users/leo/Documents/shaw_manuscript/kiss/models/MOM6
repository,MONICA,agriculture,mapping,39,39,39,7,32,7,6,0,0,0,39,5,5,/Users/leo/Documents/shaw_manuscript/kiss/models/MONICA
repository,MOSART,hydrology,mapping,20,20,20,2,18,2,13,5,0,0,20,7,7,/Users/leo/Documents/shaw_manuscript/kiss/models/MOSART
repository,Noah_MP,land,mapping,39,39,39,2,37,2,9,5,0,0,39,6,6,/Users/leo/Documents/shaw_manuscript/kiss/models/Noah_MP
repository,OGGM,cryosphere,mapping,17,17,17,2,15,2,3,6,0,0,17,18,18,/Users/leo/Documents/shaw_manuscript/kiss/models/OGGM
repository,OpenFOAM,infrastructure,mapping,14,14,14,0,14,0,8,8,0,0,14,7,7,/Users/leo/Documents/shaw_manuscript/kiss/models/OpenFOAM
repository,OpenGeoSys,groundwater,mapping,28,28,28,1,27,1,7,8,0,0,28,4,4,/Users/leo/Documents/shaw_manuscript/kiss/models/OpenGeoSys
repository,OpenHydroQual,water_quality,mapping,18,18,18,5,13,5,10,5,0,0,18,4,4,/Users/leo/Documents/shaw_manuscript/kiss/models/OpenHydroQual
repository,PCR_GLOBWB_2,hydrology,mapping,24,24,24,2,22,2,10,6,0,0,24,6,6,/Users/leo/Documents/shaw_manuscript/kiss/models/PCR_GLOBWB_2
repository,PFLOTRAN,groundwater,mapping,21,21,21,1,20,1,9,6,0,0,21,4,4,/Users/leo/Documents/shaw_manuscript/kiss/models/PFLOTRAN
repository,PHREEQC,water_quality,mapping,16,16,16,0,16,0,8,5,0,0,16,4,4,/Users/leo/Documents/shaw_manuscript/kiss/models/PHREEQC
repository,PIHM,hydrology,mapping,20,20,20,2,18,2,10,5,0,0,20,9,9,/Users/leo/Documents/shaw_manuscript/kiss/models/PIHM
repository,PISM,cryosphere,mapping,37,37,37,4,33,4,2,7,0,0,37,4,4,/Users/leo/Documents/shaw_manuscript/kiss/models/PISM
repository,PRMS,hydrology,mapping,37,37,37,5,32,5,6,8,0,0,37,5,5,/Users/leo/Documents/shaw_manuscript/kiss/models/PRMS
repository,ParFlow,groundwater,mapping,24,24,24,2,22,2,11,9,0,0,24,12,12,/Users/leo/Documents/shaw_manuscript/kiss/models/ParFlow
repository,PorePy,groundwater,mapping,41,41,37,0,37,0,8,6,0,0,41,4,4,/Users/leo/Documents/shaw_manuscript/kiss/models/PorePy
repository,PyAEZ,agriculture,mapping,21,21,21,7,14,7,8,6,0,0,21,4,4,/Users/leo/Documents/shaw_manuscript/kiss/models/PyAEZ
repository,PyDeltaRCM,geomorphology,mapping,36,36,36,3,33,3,7,6,0,0,36,4,4,/Users/leo/Documents/shaw_manuscript/kiss/models/PyDeltaRCM
repository,PyMT,infrastructure,missing,0,5,0,0,0,0,7,9,0,3,0,0,0,/Users/leo/Documents/shaw_manuscript/kiss/models/PyMT
repository,PySWMM,hydrology,mapping,24,24,24,1,23,1,8,5,0,0,24,4,4,/Users/leo/Documents/shaw_manuscript/kiss/models/PySWMM
repository,Pywr,infrastructure,mapping,15,15,15,0,15,0,8,0,0,0,15,12,12,/Users/leo/Documents/shaw_manuscript/kiss/models/Pywr
repository,QUINCY,biogeochemistry,mapping,44,44,44,5,39,5,5,0,0,0,44,4,4,/Users/leo/Documents/shaw_manuscript/kiss/models/QUINCY
repository,RAPID,hydrology,mapping,13,13,13,1,12,1,9,6,0,0,13,6,6,/Users/leo/Documents/shaw_manuscript/kiss/models/RAPID
repository,RHESSys,hydrology,mapping,38,38,38,5,33,5,9,0,0,0,38,7,7,/Users/leo/Documents/shaw_manuscript/kiss/models/RHESSys
repository,ROMS,ocean,mapping,48,48,46,6,40,6,11,8,0,0,48,4,4,/Users/leo/Documents/shaw_manuscript/kiss/models/ROMS
repository,RZWQM2,agriculture,mapping,20,20,20,0,20,0,11,10,0,0,20,36,36,/Users/leo/Documents/shaw_manuscript/kiss/models/RZWQM2
repository,Raven,hydrology,mapping,26,26,26,3,23,3,11,6,0,0,26,11,11,/Users/leo/Documents/shaw_manuscript/kiss/models/Raven
repository,Ribasim,hydrology,mapping,25,25,25,1,24,1,14,6,0,0,25,4,4,/Users/leo/Documents/shaw_manuscript/kiss/models/Ribasim
repository,SFINCS,flood,mapping,21,21,20,4,16,4,9,8,0,0,21,13,13,/Users/leo/Documents/shaw_manuscript/kiss/models/SFINCS
repository,SHAW,land,mapping,37,37,37,7,30,7,0,7,0,0,37,13,13,/Users/leo/Documents/shaw_manuscript/kiss/models/SHAW
repository,SNOWPACK,cryosphere,mapping,29,29,29,5,24,5,9,6,0,0,29,5,5,/Users/leo/Documents/shaw_manuscript/kiss/models/SNOWPACK
repository,SUMMA,hydrology,mapping,36,36,36,2,34,2,8,8,0,0,36,19,19,/Users/leo/Documents/shaw_manuscript/kiss/models/SUMMA
repository,SWAN,ocean,mapping,15,15,15,2,13,2,7,0,0,0,15,7,7,/Users/leo/Documents/shaw_manuscript/kiss/models/SWAN
repository,SWAP,land,mapping,38,38,38,4,34,4,8,6,0,0,38,7,7,/Users/leo/Documents/shaw_manuscript/kiss/models/SWAP
repository,SWAT_Plus,hydrology,mapping,37,37,37,6,31,6,10,9,0,0,37,40,40,/Users/leo/Documents/shaw_manuscript/kiss/models/SWAT_Plus
repository,SWMM,hydrology,mapping,32,32,32,5,27,5,7,7,0,0,32,27,27,/Users/leo/Documents/shaw_manuscript/kiss/models/SWMM
repository,SimFire,wildfire,mapping,23,23,23,3,20,3,9,5,0,0,23,4,4,/Users/leo/Documents/shaw_manuscript/kiss/models/SimFire
repository,SimPEG,geoscience,mapping,15,15,15,1,14,1,9,5,0,0,15,4,4,/Users/leo/Documents/shaw_manuscript/kiss/models/SimPEG
repository,SuperflexPy,hydrology,mapping,19,19,19,3,16,3,8,5,0,0,19,4,4,/Users/leo/Documents/shaw_manuscript/kiss/models/SuperflexPy
repository,TELEMAC_MASCARET,flood,mapping,21,21,21,3,18,3,7,6,0,0,21,4,4,/Users/leo/Documents/shaw_manuscript/kiss/models/TELEMAC_MASCARET
repository,TOPMODEL,hydrology,mapping,21,21,21,2,19,2,8,7,0,0,21,5,5,/Users/leo/Documents/shaw_manuscript/kiss/models/TOPMODEL
repository,TRIGRS,geomorphology,mapping,24,24,24,1,23,1,8,6,0,0,24,5,5,/Users/leo/Documents/shaw_manuscript/kiss/models/TRIGRS
repository,TopoFlow,hydrology,mapping,40,40,40,7,33,7,10,6,0,0,40,4,4,/Users/leo/Documents/shaw_manuscript/kiss/models/TopoFlow
repository,VELMA,hydrology,mapping,23,23,23,3,20,3,7,0,0,0,23,4,4,/Users/leo/Documents/shaw_manuscript/kiss/models/VELMA
repository,VIC,hydrology,mapping,48,48,47,9,38,9,6,6,0,0,48,26,26,/Users/leo/Documents/shaw_manuscript/kiss/models/VIC
repository,WASP,water_quality,mapping,26,26,25,5,20,5,6,0,0,0,26,4,4,/Users/leo/Documents/shaw_manuscript/kiss/models/WASP
repository,WOFOST,agriculture,mapping,49,49,49,4,45,4,2,8,0,0,49,20,20,/Users/leo/Documents/shaw_manuscript/kiss/models/WOFOST
repository,WRF,atmosphere,mapping,12,12,12,0,12,0,0,7,0,0,12,4,4,/Users/leo/Documents/shaw_manuscript/kiss/models/WRF
repository,WRF_Hydro,hydrology,mapping,30,30,30,5,25,5,15,4,0,0,30,17,17,/Users/leo/Documents/shaw_manuscript/kiss/models/WRF_Hydro
repository,WSIMOD,infrastructure,mapping,24,24,24,3,21,3,7,5,0,0,24,4,4,/Users/leo/Documents/shaw_manuscript/kiss/models/WSIMOD
repository,dfnWorks,groundwater,mapping,29,29,29,1,28,1,7,7,0,0,29,4,4,/Users/leo/Documents/shaw_manuscript/kiss/models/dfnWorks
repository,icepack,cryosphere,mapping,15,15,15,1,14,1,8,7,0,0,15,4,4,/Users/leo/Documents/shaw_manuscript/kiss/models/icepack
repository,mHM,hydrology,mapping,21,21,21,5,16,5,11,0,0,0,21,19,19,/Users/leo/Documents/shaw_manuscript/kiss/models/mHM
repository,mizuRoute,hydrology,mapping,12,12,12,0,12,0,7,7,0,0,12,7,7,/Users/leo/Documents/shaw_manuscript/kiss/models/mizuRoute
repository,openAMUNDSEN,cryosphere,mapping,36,36,36,7,29,7,8,5,0,0,36,4,4,/Users/leo/Documents/shaw_manuscript/kiss/models/openAMUNDSEN
repository,pyBadlands,geomorphology,mapping,29,29,29,0,29,0,7,6,0,0,29,4,4,/Users/leo/Documents/shaw_manuscript/kiss/models/pyBadlands
repository,pyGIMLi,geoscience,mapping,17,17,17,0,17,0,5,6,0,0,17,4,4,/Users/leo/Documents/shaw_manuscript/kiss/models/pyGIMLi
repository,pySTEPS,atmosphere,mapping,12,12,12,0,12,0,5,0,0,0,12,5,5,/Users/leo/Documents/shaw_manuscript/kiss/models/pySTEPS
repository,tRIBS,hydrology,mapping,41,41,41,7,34,7,8,5,0,0,41,6,6,/Users/leo/Documents/shaw_manuscript/kiss/models/tRIBS
repository,wflow,hydrology,mapping,29,29,29,3,26,3,12,9,0,0,29,24,24,/Users/leo/Documents/shaw_manuscript/kiss/models/wflow
active_snapshot,ADCIRC,ocean,mapping,10,10,10,0,10,0,7,7,0,0,10,4,4,/Users/leo/Library/Application Support/KISS/ki-updates/snapshots/fc7c4e3db072a377-a8876e960c7653e0/models/ADCIRC
active_snapshot,ANUGA,flood,mapping,20,20,20,3,17,3,0,0,0,0,20,5,5,/Users/leo/Library/Application Support/KISS/ki-updates/snapshots/fc7c4e3db072a377-a8876e960c7653e0/models/ANUGA
active_snapshot,APEX,agriculture,mapping,21,21,21,5,16,5,0,0,0,0,21,10,10,/Users/leo/Library/Application Support/KISS/ki-updates/snapshots/fc7c4e3db072a377-a8876e960c7653e0/models/APEX
active_snapshot,APSIM,agriculture,mapping,32,32,32,5,27,5,7,8,0,0,32,5,5,/Users/leo/Library/Application Support/KISS/ki-updates/snapshots/fc7c4e3db072a377-a8876e960c7653e0/models/APSIM
active_snapshot,Alpine3D,cryosphere,mapping,30,30,30,5,25,5,8,5,0,0,30,4,4,/Users/leo/Library/Application Support/KISS/ki-updates/snapshots/fc7c4e3db072a377-a8876e960c7653e0/models/Alpine3D
active_snapshot,Amanzi_ATS,infrastructure,mapping,25,25,25,2,23,2,7,5,0,0,25,4,4,/Users/leo/Library/Application Support/KISS/ki-updates/snapshots/fc7c4e3db072a377-a8876e960c7653e0/models/Amanzi_ATS
active_snapshot,AquaCrop,agriculture,mapping,33,33,33,0,33,0,10,10,0,0,33,20,20,/Users/leo/Library/Application Support/KISS/ki-updates/snapshots/fc7c4e3db072a377-a8876e960c7653e0/models/AquaCrop
active_snapshot,BIOME_BGC,biogeochemistry,mapping,37,37,37,5,32,5,13,3,0,0,37,6,6,/Users/leo/Library/Application Support/KISS/ki-updates/snapshots/fc7c4e3db072a377-a8876e960c7653e0/models/BIOME_BGC
active_snapshot,BMI,infrastructure,missing,0,5,0,0,0,0,4,9,4,4,0,0,0,/Users/leo/Library/Application Support/KISS/ki-updates/snapshots/fc7c4e3db072a377-a8876e960c7653e0/models/BMI
active_snapshot,CAESAR_Lisflood,geomorphology,mapping,23,23,23,1,22,1,7,0,0,0,23,5,5,/Users/leo/Library/Application Support/KISS/ki-updates/snapshots/fc7c4e3db072a377-a8876e960c7653e0/models/CAESAR_Lisflood
active_snapshot,CE_QUAL_W2,water_quality,mapping,32,32,32,5,27,5,14,6,0,0,32,16,16,/Users/leo/Library/Application Support/KISS/ki-updates/snapshots/fc7c4e3db072a377-a8876e960c7653e0/models/CE_QUAL_W2
active_snapshot,CISM,cryosphere,mapping,32,32,32,1,31,1,8,8,0,0,32,5,5,/Users/leo/Library/Application Support/KISS/ki-updates/snapshots/fc7c4e3db072a377-a8876e960c7653e0/models/CISM
active_snapshot,CLASSIC,land,mapping,36,36,36,0,36,0,7,5,0,0,36,4,4,/Users/leo/Library/Application Support/KISS/ki-updates/snapshots/fc7c4e3db072a377-a8876e960c7653e0/models/CLASSIC
active_snapshot,CLM5___CTSM,land,mapping,25,25,25,2,23,2,11,5,0,0,25,5,5,/Users/leo/Library/Application Support/KISS/ki-updates/snapshots/fc7c4e3db072a377-a8876e960c7653e0/models/CLM5___CTSM
active_snapshot,COAWST,ocean,mapping,41,41,41,6,35,6,11,5,0,0,41,5,5,/Users/leo/Library/Application Support/KISS/ki-updates/snapshots/fc7c4e3db072a377-a8876e960c7653e0/models/COAWST
active_snapshot,COSIPY,cryosphere,mapping,36,36,36,2,34,2,7,7,0,0,36,5,5,/Users/leo/Library/Application Support/KISS/ki-updates/snapshots/fc7c4e3db072a377-a8876e960c7653e0/models/COSIPY
active_snapshot,CREST,hydrology,mapping,18,18,18,3,15,3,8,5,0,0,18,5,5,/Users/leo/Library/Application Support/KISS/ki-updates/snapshots/fc7c4e3db072a377-a8876e960c7653e0/models/CREST
active_snapshot,CRHM,hydrology,mapping,28,28,28,5,23,5,6,6,0,0,28,15,15,/Users/leo/Library/Application Support/KISS/ki-updates/snapshots/fc7c4e3db072a377-a8876e960c7653e0/models/CRHM
active_snapshot,CWatM,hydrology,mapping,24,24,24,5,19,5,9,6,0,0,24,7,7,/Users/leo/Library/Application Support/KISS/ki-updates/snapshots/fc7c4e3db072a377-a8876e960c7653e0/models/CWatM
active_snapshot,CaMa_Flood,flood,mapping,21,21,21,2,19,2,0,10,0,0,21,6,6,/Users/leo/Library/Application Support/KISS/ki-updates/snapshots/fc7c4e3db072a377-a8876e960c7653e0/models/CaMa_Flood
active_snapshot,Cell2Fire,wildfire,mapping,24,24,24,6,18,6,15,0,0,0,24,4,4,/Users/leo/Library/Application Support/KISS/ki-updates/snapshots/fc7c4e3db072a377-a8876e960c7653e0/models/Cell2Fire
active_snapshot,Climate_Projection,atmosphere,mapping,13,26,13,3,10,3,4,4,4,7,18,0,0,/Users/leo/Library/Application Support/KISS/ki-updates/snapshots/fc7c4e3db072a377-a8876e960c7653e0/models/Climate_Projection
active_snapshot,DART,infrastructure,mapping,13,13,13,0,13,0,9,5,0,0,13,4,4,/Users/leo/Library/Application Support/KISS/ki-updates/snapshots/fc7c4e3db072a377-a8876e960c7653e0/models/DART
active_snapshot,DHSVM,hydrology,mapping,23,23,23,5,18,5,10,5,0,0,23,7,7,/Users/leo/Library/Application Support/KISS/ki-updates/snapshots/fc7c4e3db072a377-a8876e960c7653e0/models/DHSVM
active_snapshot,DLBreach,flood,mapping,32,32,32,1,31,1,8,0,0,0,32,11,11,/Users/leo/Library/Application Support/KISS/ki-updates/snapshots/fc7c4e3db072a377-a8876e960c7653e0/models/DLBreach
active_snapshot,DNDC,biogeochemistry,mapping,43,43,43,7,36,7,7,6,0,0,43,5,5,/Users/leo/Library/Application Support/KISS/ki-updates/snapshots/fc7c4e3db072a377-a8876e960c7653e0/models/DNDC
active_snapshot,DSSAT,agriculture,mapping,75,75,75,7,68,7,1,9,0,0,75,19,19,/Users/leo/Library/Application Support/KISS/ki-updates/snapshots/fc7c4e3db072a377-a8876e960c7653e0/models/DSSAT
active_snapshot,Daisy,agriculture,mapping,24,24,24,4,20,4,6,6,0,0,24,5,5,/Users/leo/Library/Application Support/KISS/ki-updates/snapshots/fc7c4e3db072a377-a8876e960c7653e0/models/Daisy
active_snapshot,DayCent,biogeochemistry,mapping,18,18,18,5,13,5,0,5,0,0,18,4,4,/Users/leo/Library/Application Support/KISS/ki-updates/snapshots/fc7c4e3db072a377-a8876e960c7653e0/models/DayCent
active_snapshot,Delft3D,flood,mapping,27,27,26,9,17,9,8,7,0,0,27,5,5,/Users/leo/Library/Application Support/KISS/ki-updates/snapshots/fc7c4e3db072a377-a8876e960c7653e0/models/Delft3D
active_snapshot,DuMux,groundwater,mapping,16,16,16,1,15,1,7,5,0,0,16,4,4,/Users/leo/Library/Application Support/KISS/ki-updates/snapshots/fc7c4e3db072a377-a8876e960c7653e0/models/DuMux
active_snapshot,DualSPHysics,flood,mapping,24,24,24,1,23,1,7,5,0,0,24,5,5,/Users/leo/Library/Application Support/KISS/ki-updates/snapshots/fc7c4e3db072a377-a8876e960c7653e0/models/DualSPHysics
active_snapshot,EF5,hydrology,missing,0,31,0,0,0,0,8,5,0,0,31,5,5,/Users/leo/Library/Application Support/KISS/ki-updates/snapshots/fc7c4e3db072a377-a8876e960c7653e0/models/EF5
active_snapshot,ELM,land,mapping,24,24,24,2,22,2,9,7,0,0,24,4,4,/Users/leo/Library/Application Support/KISS/ki-updates/snapshots/fc7c4e3db072a377-a8876e960c7653e0/models/ELM
active_snapshot,ELMFIRE,wildfire,mapping,27,27,27,3,24,3,7,0,0,0,27,4,4,/Users/leo/Library/Application Support/KISS/ki-updates/snapshots/fc7c4e3db072a377-a8876e960c7653e0/models/ELMFIRE
active_snapshot,EPANET,water_quality,mapping,24,24,24,0,24,0,9,0,0,0,24,4,4,/Users/leo/Library/Application Support/KISS/ki-updates/snapshots/fc7c4e3db072a377-a8876e960c7653e0/models/EPANET
active_snapshot,EPIC,agriculture,mapping,20,20,20,2,18,2,16,0,0,0,20,16,16,/Users/leo/Library/Application Support/KISS/ki-updates/snapshots/fc7c4e3db072a377-a8876e960c7653e0/models/EPIC
active_snapshot,ESMF,infrastructure,missing,0,10,0,0,0,0,4,9,0,6,0,0,0,/Users/leo/Library/Application Support/KISS/ki-updates/snapshots/fc7c4e3db072a377-a8876e960c7653e0/models/ESMF
active_snapshot,Elmer_Ice,cryosphere,mapping,22,22,22,4,18,4,9,7,0,0,22,5,5,/Users/leo/Library/Application Support/KISS/ki-updates/snapshots/fc7c4e3db072a377-a8876e960c7653e0/models/Elmer_Ice
active_snapshot,FATES,biogeochemistry,mapping,32,32,32,2,30,2,8,5,0,0,32,5,5,/Users/leo/Library/Application Support/KISS/ki-updates/snapshots/fc7c4e3db072a377-a8876e960c7653e0/models/FATES
active_snapshot,FSM2,cryosphere,mapping,62,62,62,4,58,4,7,0,0,0,62,4,4,/Users/leo/Library/Application Support/KISS/ki-updates/snapshots/fc7c4e3db072a377-a8876e960c7653e0/models/FSM2
active_snapshot,FloPy,groundwater,mapping,18,18,18,2,16,2,7,7,0,0,18,5,5,/Users/leo/Library/Application Support/KISS/ki-updates/snapshots/fc7c4e3db072a377-a8876e960c7653e0/models/FloPy
active_snapshot,ForeFire,wildfire,mapping,18,18,17,2,15,2,11,5,0,0,18,6,6,/Users/leo/Library/Application Support/KISS/ki-updates/snapshots/fc7c4e3db072a377-a8876e960c7653e0/models/ForeFire
active_snapshot,GEOPHIRES,geoscience,mapping,27,27,27,1,26,1,7,6,0,0,27,6,6,/Users/leo/Library/Application Support/KISS/ki-updates/snapshots/fc7c4e3db072a377-a8876e960c7653e0/models/GEOPHIRES
active_snapshot,GEOtop,land,mapping,43,43,43,1,42,1,9,5,0,0,43,6,6,/Users/leo/Library/Application Support/KISS/ki-updates/snapshots/fc7c4e3db072a377-a8876e960c7653e0/models/GEOtop
active_snapshot,GIFMod,water_quality,mapping,28,28,28,4,24,4,9,5,0,0,28,4,4,/Users/leo/Library/Application Support/KISS/ki-updates/snapshots/fc7c4e3db072a377-a8876e960c7653e0/models/GIFMod
active_snapshot,GLM,water_quality,mapping,38,38,38,3,35,3,11,0,0,0,38,17,17,/Users/leo/Library/Application Support/KISS/ki-updates/snapshots/fc7c4e3db072a377-a8876e960c7653e0/models/GLM
active_snapshot,GR4J___airGR,hydrology,mapping,12,12,12,1,11,1,7,5,0,0,12,4,4,/Users/leo/Library/Application Support/KISS/ki-updates/snapshots/fc7c4e3db072a377-a8876e960c7653e0/models/GR4J___airGR
active_snapshot,GSFLOW,groundwater,mapping,35,35,35,3,32,3,9,0,0,0,35,5,5,/Users/leo/Library/Application Support/KISS/ki-updates/snapshots/fc7c4e3db072a377-a8876e960c7653e0/models/GSFLOW
active_snapshot,GemPy,geoscience,mapping,19,19,19,1,18,1,0,7,0,0,19,4,4,/Users/leo/Library/Application Support/KISS/ki-updates/snapshots/fc7c4e3db072a377-a8876e960c7653e0/models/GemPy
active_snapshot,GeoClaw,flood,mapping,19,19,19,2,17,2,7,5,0,0,19,4,4,/Users/leo/Library/Application Support/KISS/ki-updates/snapshots/fc7c4e3db072a377-a8876e960c7653e0/models/GeoClaw
active_snapshot,HEC_HMS,hydrology,mapping,23,23,23,4,19,4,9,2,0,0,23,6,6,/Users/leo/Library/Application Support/KISS/ki-updates/snapshots/fc7c4e3db072a377-a8876e960c7653e0/models/HEC_HMS
active_snapshot,HEC_RAS,flood,mapping,24,24,24,1,23,1,10,0,0,0,24,11,11,/Users/leo/Library/Application Support/KISS/ki-updates/snapshots/fc7c4e3db072a377-a8876e960c7653e0/models/HEC_RAS
active_snapshot,HYPE,hydrology,mapping,31,31,31,0,31,0,9,0,0,0,31,23,23,/Users/leo/Library/Application Support/KISS/ki-updates/snapshots/fc7c4e3db072a377-a8876e960c7653e0/models/HYPE
active_snapshot,HexWatershed,hydrology,mapping,18,18,18,0,18,0,6,6,0,0,18,4,4,/Users/leo/Library/Application Support/KISS/ki-updates/snapshots/fc7c4e3db072a377-a8876e960c7653e0/models/HexWatershed
active_snapshot,HydroCNHS,hydrology,mapping,33,33,33,3,30,3,8,6,0,0,33,5,5,/Users/leo/Library/Application Support/KISS/ki-updates/snapshots/fc7c4e3db072a377-a8876e960c7653e0/models/HydroCNHS
active_snapshot,HydroTrend,geomorphology,mapping,36,36,36,0,36,0,6,0,0,0,36,4,4,/Users/leo/Library/Application Support/KISS/ki-updates/snapshots/fc7c4e3db072a377-a8876e960c7653e0/models/HydroTrend
active_snapshot,ISSM,cryosphere,mapping,23,23,23,0,23,0,9,5,0,0,23,4,4,/Users/leo/Library/Application Support/KISS/ki-updates/snapshots/fc7c4e3db072a377-a8876e960c7653e0/models/ISSM
active_snapshot,KINEROS2,hydrology,mapping,14,14,14,2,12,2,7,0,0,0,14,4,4,/Users/leo/Library/Application Support/KISS/ki-updates/snapshots/fc7c4e3db072a377-a8876e960c7653e0/models/KINEROS2
active_snapshot,LDNDC,biogeochemistry,mapping,29,29,29,5,24,5,10,12,0,0,29,20,20,/Users/leo/Library/Application Support/KISS/ki-updates/snapshots/fc7c4e3db072a377-a8876e960c7653e0/models/LDNDC
active_snapshot,LISFLOOD,hydrology,mapping,37,37,37,2,35,2,8,0,0,0,37,4,4,/Users/leo/Library/Application Support/KISS/ki-updates/snapshots/fc7c4e3db072a377-a8876e960c7653e0/models/LISFLOOD
active_snapshot,LPJ_GUESS,biogeochemistry,mapping,24,24,24,3,21,3,0,0,0,0,24,4,4,/Users/leo/Library/Application Support/KISS/ki-updates/snapshots/fc7c4e3db072a377-a8876e960c7653e0/models/LPJ_GUESS
active_snapshot,LPJmL,biogeochemistry,mapping,34,34,34,7,27,7,7,5,0,0,34,6,6,/Users/leo/Library/Application Support/KISS/ki-updates/snapshots/fc7c4e3db072a377-a8876e960c7653e0/models/LPJmL
active_snapshot,Landlab,geomorphology,mapping,20,20,20,1,19,1,4,5,0,0,20,8,8,/Users/leo/Library/Application Support/KISS/ki-updates/snapshots/fc7c4e3db072a377-a8876e960c7653e0/models/Landlab
active_snapshot,Lohmann_Routing,hydrology,mapping,12,12,12,2,10,2,0,3,0,0,12,2,2,/Users/leo/Library/Application Support/KISS/ki-updates/snapshots/fc7c4e3db072a377-a8876e960c7653e0/models/Lohmann_Routing
active_snapshot,MARRMoT,hydrology,mapping,13,13,13,3,10,3,9,5,0,0,13,5,5,/Users/leo/Library/Application Support/KISS/ki-updates/snapshots/fc7c4e3db072a377-a8876e960c7653e0/models/MARRMoT
active_snapshot,MODFLOW6,groundwater,mapping,23,23,23,1,22,1,11,9,0,0,23,28,28,/Users/leo/Library/Application Support/KISS/ki-updates/snapshots/fc7c4e3db072a377-a8876e960c7653e0/models/MODFLOW6
active_snapshot,MOM6,ocean,mapping,36,36,36,7,29,7,4,0,0,0,36,4,4,/Users/leo/Library/Application Support/KISS/ki-updates/snapshots/fc7c4e3db072a377-a8876e960c7653e0/models/MOM6
active_snapshot,MONICA,agriculture,mapping,39,39,39,7,32,7,6,0,0,0,39,5,5,/Users/leo/Library/Application Support/KISS/ki-updates/snapshots/fc7c4e3db072a377-a8876e960c7653e0/models/MONICA
active_snapshot,MOSART,hydrology,mapping,20,20,20,2,18,2,13,5,0,0,20,7,7,/Users/leo/Library/Application Support/KISS/ki-updates/snapshots/fc7c4e3db072a377-a8876e960c7653e0/models/MOSART
active_snapshot,Noah_MP,land,mapping,39,39,39,2,37,2,9,5,0,0,39,6,6,/Users/leo/Library/Application Support/KISS/ki-updates/snapshots/fc7c4e3db072a377-a8876e960c7653e0/models/Noah_MP
active_snapshot,OGGM,cryosphere,mapping,17,17,17,2,15,2,3,6,0,0,17,18,18,/Users/leo/Library/Application Support/KISS/ki-updates/snapshots/fc7c4e3db072a377-a8876e960c7653e0/models/OGGM
active_snapshot,OpenFOAM,infrastructure,mapping,14,14,14,0,14,0,8,8,0,0,14,7,7,/Users/leo/Library/Application Support/KISS/ki-updates/snapshots/fc7c4e3db072a377-a8876e960c7653e0/models/OpenFOAM
active_snapshot,OpenGeoSys,groundwater,mapping,28,28,28,1,27,1,7,8,0,0,28,4,4,/Users/leo/Library/Application Support/KISS/ki-updates/snapshots/fc7c4e3db072a377-a8876e960c7653e0/models/OpenGeoSys
active_snapshot,OpenHydroQual,water_quality,mapping,18,18,18,5,13,5,10,5,0,0,18,4,4,/Users/leo/Library/Application Support/KISS/ki-updates/snapshots/fc7c4e3db072a377-a8876e960c7653e0/models/OpenHydroQual
active_snapshot,PCR_GLOBWB_2,hydrology,mapping,24,24,24,2,22,2,10,6,0,0,24,6,6,/Users/leo/Library/Application Support/KISS/ki-updates/snapshots/fc7c4e3db072a377-a8876e960c7653e0/models/PCR_GLOBWB_2
active_snapshot,PFLOTRAN,groundwater,mapping,21,21,21,1,20,1,9,6,0,0,21,4,4,/Users/leo/Library/Application Support/KISS/ki-updates/snapshots/fc7c4e3db072a377-a8876e960c7653e0/models/PFLOTRAN
active_snapshot,PHREEQC,water_quality,mapping,16,16,16,0,16,0,8,5,0,0,16,4,4,/Users/leo/Library/Application Support/KISS/ki-updates/snapshots/fc7c4e3db072a377-a8876e960c7653e0/models/PHREEQC
active_snapshot,PIHM,hydrology,mapping,20,20,20,2,18,2,10,5,0,0,20,9,9,/Users/leo/Library/Application Support/KISS/ki-updates/snapshots/fc7c4e3db072a377-a8876e960c7653e0/models/PIHM
active_snapshot,PISM,cryosphere,mapping,37,37,37,4,33,4,2,7,0,0,37,4,4,/Users/leo/Library/Application Support/KISS/ki-updates/snapshots/fc7c4e3db072a377-a8876e960c7653e0/models/PISM
active_snapshot,PRMS,hydrology,mapping,37,37,37,5,32,5,6,8,0,0,37,5,5,/Users/leo/Library/Application Support/KISS/ki-updates/snapshots/fc7c4e3db072a377-a8876e960c7653e0/models/PRMS
active_snapshot,ParFlow,groundwater,mapping,24,24,24,2,22,2,11,9,0,0,24,12,12,/Users/leo/Library/Application Support/KISS/ki-updates/snapshots/fc7c4e3db072a377-a8876e960c7653e0/models/ParFlow
active_snapshot,PorePy,groundwater,mapping,41,41,37,0,37,0,8,6,0,0,41,4,4,/Users/leo/Library/Application Support/KISS/ki-updates/snapshots/fc7c4e3db072a377-a8876e960c7653e0/models/PorePy
active_snapshot,PyAEZ,agriculture,mapping,21,21,21,7,14,7,8,6,0,0,21,4,4,/Users/leo/Library/Application Support/KISS/ki-updates/snapshots/fc7c4e3db072a377-a8876e960c7653e0/models/PyAEZ
active_snapshot,PyDeltaRCM,geomorphology,mapping,36,36,36,3,33,3,7,6,0,0,36,4,4,/Users/leo/Library/Application Support/KISS/ki-updates/snapshots/fc7c4e3db072a377-a8876e960c7653e0/models/PyDeltaRCM
active_snapshot,PyMT,infrastructure,missing,0,5,0,0,0,0,7,9,0,3,0,0,0,/Users/leo/Library/Application Support/KISS/ki-updates/snapshots/fc7c4e3db072a377-a8876e960c7653e0/models/PyMT
active_snapshot,PySWMM,hydrology,mapping,24,24,24,1,23,1,8,5,0,0,24,4,4,/Users/leo/Library/Application Support/KISS/ki-updates/snapshots/fc7c4e3db072a377-a8876e960c7653e0/models/PySWMM
active_snapshot,Pywr,infrastructure,mapping,15,15,15,0,15,0,8,0,0,0,15,12,12,/Users/leo/Library/Application Support/KISS/ki-updates/snapshots/fc7c4e3db072a377-a8876e960c7653e0/models/Pywr
active_snapshot,QUINCY,biogeochemistry,mapping,44,44,44,5,39,5,5,0,0,0,44,4,4,/Users/leo/Library/Application Support/KISS/ki-updates/snapshots/fc7c4e3db072a377-a8876e960c7653e0/models/QUINCY
active_snapshot,RAPID,hydrology,mapping,13,13,13,1,12,1,9,6,0,0,13,6,6,/Users/leo/Library/Application Support/KISS/ki-updates/snapshots/fc7c4e3db072a377-a8876e960c7653e0/models/RAPID
active_snapshot,RHESSys,hydrology,mapping,38,38,38,5,33,5,9,0,0,0,38,7,7,/Users/leo/Library/Application Support/KISS/ki-updates/snapshots/fc7c4e3db072a377-a8876e960c7653e0/models/RHESSys
active_snapshot,ROMS,ocean,mapping,48,48,46,6,40,6,11,8,0,0,48,4,4,/Users/leo/Library/Application Support/KISS/ki-updates/snapshots/fc7c4e3db072a377-a8876e960c7653e0/models/ROMS
active_snapshot,RZWQM2,agriculture,mapping,20,20,20,0,20,0,11,10,0,0,20,36,36,/Users/leo/Library/Application Support/KISS/ki-updates/snapshots/fc7c4e3db072a377-a8876e960c7653e0/models/RZWQM2
active_snapshot,Raven,hydrology,mapping,26,26,26,3,23,3,11,6,0,0,26,11,11,/Users/leo/Library/Application Support/KISS/ki-updates/snapshots/fc7c4e3db072a377-a8876e960c7653e0/models/Raven
active_snapshot,Ribasim,hydrology,mapping,25,25,25,1,24,1,14,6,0,0,25,4,4,/Users/leo/Library/Application Support/KISS/ki-updates/snapshots/fc7c4e3db072a377-a8876e960c7653e0/models/Ribasim
active_snapshot,SFINCS,flood,mapping,21,21,20,4,16,4,9,8,0,0,21,13,13,/Users/leo/Library/Application Support/KISS/ki-updates/snapshots/fc7c4e3db072a377-a8876e960c7653e0/models/SFINCS
active_snapshot,SHAW,land,mapping,37,37,37,7,30,7,0,7,0,0,37,13,13,/Users/leo/Library/Application Support/KISS/ki-updates/snapshots/fc7c4e3db072a377-a8876e960c7653e0/models/SHAW
active_snapshot,SNOWPACK,cryosphere,mapping,29,29,29,5,24,5,9,6,0,0,29,5,5,/Users/leo/Library/Application Support/KISS/ki-updates/snapshots/fc7c4e3db072a377-a8876e960c7653e0/models/SNOWPACK
active_snapshot,SUMMA,hydrology,mapping,36,36,36,2,34,2,8,8,0,0,36,19,19,/Users/leo/Library/Application Support/KISS/ki-updates/snapshots/fc7c4e3db072a377-a8876e960c7653e0/models/SUMMA
active_snapshot,SWAN,ocean,mapping,15,15,15,2,13,2,7,0,0,0,15,7,7,/Users/leo/Library/Application Support/KISS/ki-updates/snapshots/fc7c4e3db072a377-a8876e960c7653e0/models/SWAN
active_snapshot,SWAP,land,mapping,38,38,38,4,34,4,8,6,0,0,38,7,7,/Users/leo/Library/Application Support/KISS/ki-updates/snapshots/fc7c4e3db072a377-a8876e960c7653e0/models/SWAP
active_snapshot,SWAT_Plus,hydrology,mapping,37,37,37,6,31,6,10,9,0,0,37,40,40,/Users/leo/Library/Application Support/KISS/ki-updates/snapshots/fc7c4e3db072a377-a8876e960c7653e0/models/SWAT_Plus
active_snapshot,SWMM,hydrology,mapping,32,32,32,5,27,5,7,7,0,0,32,27,27,/Users/leo/Library/Application Support/KISS/ki-updates/snapshots/fc7c4e3db072a377-a8876e960c7653e0/models/SWMM
active_snapshot,SimFire,wildfire,mapping,23,23,23,3,20,3,9,5,0,0,23,4,4,/Users/leo/Library/Application Support/KISS/ki-updates/snapshots/fc7c4e3db072a377-a8876e960c7653e0/models/SimFire
active_snapshot,SimPEG,geoscience,mapping,15,15,15,1,14,1,9,5,0,0,15,4,4,/Users/leo/Library/Application Support/KISS/ki-updates/snapshots/fc7c4e3db072a377-a8876e960c7653e0/models/SimPEG
active_snapshot,SuperflexPy,hydrology,mapping,19,19,19,3,16,3,8,5,0,0,19,4,4,/Users/leo/Library/Application Support/KISS/ki-updates/snapshots/fc7c4e3db072a377-a8876e960c7653e0/models/SuperflexPy
active_snapshot,TELEMAC_MASCARET,flood,mapping,21,21,21,3,18,3,7,6,0,0,21,4,4,/Users/leo/Library/Application Support/KISS/ki-updates/snapshots/fc7c4e3db072a377-a8876e960c7653e0/models/TELEMAC_MASCARET
active_snapshot,TOPMODEL,hydrology,mapping,21,21,21,2,19,2,8,7,0,0,21,5,5,/Users/leo/Library/Application Support/KISS/ki-updates/snapshots/fc7c4e3db072a377-a8876e960c7653e0/models/TOPMODEL
active_snapshot,TRIGRS,geomorphology,mapping,24,24,24,1,23,1,8,6,0,0,24,5,5,/Users/leo/Library/Application Support/KISS/ki-updates/snapshots/fc7c4e3db072a377-a8876e960c7653e0/models/TRIGRS
active_snapshot,TopoFlow,hydrology,mapping,40,40,40,7,33,7,10,6,0,0,40,4,4,/Users/leo/Library/Application Support/KISS/ki-updates/snapshots/fc7c4e3db072a377-a8876e960c7653e0/models/TopoFlow
active_snapshot,VELMA,hydrology,mapping,23,23,23,3,20,3,7,0,0,0,23,4,4,/Users/leo/Library/Application Support/KISS/ki-updates/snapshots/fc7c4e3db072a377-a8876e960c7653e0/models/VELMA
active_snapshot,VIC,hydrology,mapping,48,48,47,9,38,9,6,6,0,0,48,26,26,/Users/leo/Library/Application Support/KISS/ki-updates/snapshots/fc7c4e3db072a377-a8876e960c7653e0/models/VIC
active_snapshot,WASP,water_quality,mapping,26,26,25,5,20,5,6,0,0,0,26,4,4,/Users/leo/Library/Application Support/KISS/ki-updates/snapshots/fc7c4e3db072a377-a8876e960c7653e0/models/WASP
active_snapshot,WOFOST,agriculture,mapping,49,49,49,4,45,4,2,8,0,0,49,20,20,/Users/leo/Library/Application Support/KISS/ki-updates/snapshots/fc7c4e3db072a377-a8876e960c7653e0/models/WOFOST
active_snapshot,WRF,atmosphere,mapping,12,12,12,0,12,0,0,7,0,0,12,4,4,/Users/leo/Library/Application Support/KISS/ki-updates/snapshots/fc7c4e3db072a377-a8876e960c7653e0/models/WRF
active_snapshot,WRF_Hydro,hydrology,mapping,30,30,30,5,25,5,15,4,0,0,30,17,17,/Users/leo/Library/Application Support/KISS/ki-updates/snapshots/fc7c4e3db072a377-a8876e960c7653e0/models/WRF_Hydro
active_snapshot,WSIMOD,infrastructure,mapping,24,24,24,3,21,3,7,5,0,0,24,4,4,/Users/leo/Library/Application Support/KISS/ki-updates/snapshots/fc7c4e3db072a377-a8876e960c7653e0/models/WSIMOD
active_snapshot,dfnWorks,groundwater,mapping,29,29,29,1,28,1,7,7,0,0,29,4,4,/Users/leo/Library/Application Support/KISS/ki-updates/snapshots/fc7c4e3db072a377-a8876e960c7653e0/models/dfnWorks
active_snapshot,icepack,cryosphere,mapping,15,15,15,1,14,1,8,7,0,0,15,4,4,/Users/leo/Library/Application Support/KISS/ki-updates/snapshots/fc7c4e3db072a377-a8876e960c7653e0/models/icepack
active_snapshot,mHM,hydrology,mapping,21,21,21,5,16,5,11,0,0,0,21,19,19,/Users/leo/Library/Application Support/KISS/ki-updates/snapshots/fc7c4e3db072a377-a8876e960c7653e0/models/mHM
active_snapshot,mizuRoute,hydrology,mapping,12,12,12,0,12,0,7,7,0,0,12,7,7,/Users/leo/Library/Application Support/KISS/ki-updates/snapshots/fc7c4e3db072a377-a8876e960c7653e0/models/mizuRoute
active_snapshot,openAMUNDSEN,cryosphere,mapping,36,36,36,7,29,7,8,5,0,0,36,4,4,/Users/leo/Library/Application Support/KISS/ki-updates/snapshots/fc7c4e3db072a377-a8876e960c7653e0/models/openAMUNDSEN
active_snapshot,pyBadlands,geomorphology,mapping,29,29,29,0,29,0,7,6,0,0,29,4,4,/Users/leo/Library/Application Support/KISS/ki-updates/snapshots/fc7c4e3db072a377-a8876e960c7653e0/models/pyBadlands
active_snapshot,pyGIMLi,geoscience,mapping,17,17,17,0,17,0,5,6,0,0,17,4,4,/Users/leo/Library/Application Support/KISS/ki-updates/snapshots/fc7c4e3db072a377-a8876e960c7653e0/models/pyGIMLi
active_snapshot,pySTEPS,atmosphere,mapping,12,12,12,0,12,0,5,0,0,0,12,5,5,/Users/leo/Library/Application Support/KISS/ki-updates/snapshots/fc7c4e3db072a377-a8876e960c7653e0/models/pySTEPS
active_snapshot,tRIBS,hydrology,mapping,41,41,41,7,34,7,8,5,0,0,41,6,6,/Users/leo/Library/Application Support/KISS/ki-updates/snapshots/fc7c4e3db072a377-a8876e960c7653e0/models/tRIBS
active_snapshot,wflow,hydrology,mapping,29,29,29,3,26,3,12,9,0,0,29,24,24,/Users/leo/Library/Application Support/KISS/ki-updates/snapshots/fc7c4e3db072a377-a8876e960c7653e0/models/wflow
user_import,ArchDam_RDC,groundwater,mapping,13,13,13,0,13,0,0,6,0,0,13,5,5,/Users/leo/Library/Application Support/KISS/user_models/ArchDam_RDC
