timestep,Q_sim_mm_d,Ea_sim_mm_d,Q_obs_mm_d
1,0.000000,0.343891,6.418713
2,0.033279,0.339241,5.134970
3,0.032946,0.358822,3.325104
4,0.065705,0.331224,2.567485
5,0.105931,0.328402,2.098183
6,0.157739,0.415988,2.011898
7,0.234110,0.458524,1.974017
8,0.287449,0.430872,2.357036
9,0.378297,0.337271,2.777935
10,0.455133,0.358801,2.293901
11,0.538062,0.415039,2.925250
12,0.689294,0.468838,20.518837
13,0.905470,0.481845,34.724185
14,1.116738,0.458473,12.690111
15,1.417397,0.466144,14.857742
16,1.842572,0.522825,7.449916
17,2.285457,0.529505,4.503622
18,2.812858,0.578633,3.367194
19,3.351952,0.616119,4.082722
20,3.855475,0.628448,4.840341
21,4.294848,0.542929,4.314217
22,4.654921,0.567475,3.935408
23,4.929981,0.617996,3.640778
24,5.120741,0.697529,3.388239
25,5.232106,0.784148,3.198834
26,5.271522,0.828585,3.093609
27,5.247787,0.613902,3.156744
28,5.206875,0.667959,3.135699
29,5.084323,0.680264,3.304059
30,4.981347,0.681681,3.851228
31,4.874344,0.814372,3.914363
32,4.739602,0.931331,3.872273
33,4.630151,1.016025,3.682868
34,4.528656,0.828731,3.661823
35,4.448224,0.488185,3.724958
36,4.351515,0.380185,3.682868
37,4.260940,0.417242,3.556598
38,4.179119,0.403573,3.451374
39,4.111088,0.632339,3.325104
40,4.039437,0.667701,3.156744
41,3.978904,0.668504,3.030474
42,3.916972,0.854810,2.925250
43,3.846232,0.956004,2.841070
44,3.762893,0.921884,2.777935
45,3.682378,0.991190,9.133513
46,3.655160,1.028120,13.300415
47,3.617540,1.004952,16.625519
48,3.597427,0.570677,12.142942
49,3.675039,0.509002,12.142942
50,3.834096,0.684843,15.720586
51,3.994805,0.786079,13.595045
52,4.252166,0.928280,23.149457
53,4.617259,0.939038,18.098666
54,4.863587,0.762164,6.018859
55,5.242866,0.905177,3.956453
56,5.607463,1.173231,3.009429
57,5.985977,1.472711,2.483305
58,6.332550,1.243598,2.525395
59,6.676379,0.874550,4.377352
60,6.926662,1.393927,4.124812
61,7.105339,1.545198,3.156744
62,7.260471,1.699133,2.630620
63,7.370048,1.481923,2.314946
64,7.422924,1.391245,10.248896
65,7.612052,0.928335,25.253953
66,7.608582,0.604464,9.133513
67,7.640279,1.113906,4.819296
68,7.760492,1.551489,3.493463
69,7.904950,1.780404,2.777935
70,8.032189,1.974035,2.378081
71,8.117326,2.129044,2.089765
72,8.147319,2.178344,1.877210
73,8.117373,2.193185,1.706746
74,8.028255,2.176196,1.567850
75,7.884297,1.914131,1.426848
76,7.691948,1.998732,1.304788
77,7.458723,1.994649,1.250071
78,7.198963,1.736265,1.216399
79,6.909119,1.523393,1.207981
80,6.638648,1.639916,1.271116
81,6.370322,1.199710,1.256384
82,6.080672,1.423715,1.180622
83,5.840117,1.219637,1.191145
84,5.630366,1.852126,1.201667
85,5.432314,2.162856,1.167995
86,5.241904,2.231253,1.144846
87,5.053119,2.252483,1.085920
88,4.862773,1.681190,1.045935
89,4.713484,1.525265,1.041726
90,4.535035,1.688774,1.241653
91,4.412935,1.713299,1.382654
92,4.280953,2.002121,1.262698
93,4.198599,1.607285,2.378081
94,4.203362,1.658947,10.501435
95,4.266205,1.857097,16.541339
96,4.302372,1.724895,6.566028
97,4.419484,1.437588,4.987656
98,4.637800,1.371343,4.714071
99,4.874377,1.958604,3.661823
100,5.123253,1.468488,2.798980
101,5.369676,1.840792,2.293901
102,5.586912,2.012907,2.030839
103,5.757779,2.264905,1.843539
104,5.873930,2.275399,1.692015
105,5.933134,1.537187,1.620462
106,5.950011,2.297611,1.511028
107,5.903341,2.596738,1.384758
108,5.821993,2.743309,1.279534
109,5.708075,2.034914,1.231130
110,5.580632,2.286041,1.193249
111,5.413093,2.435786,1.134323
112,5.237928,2.556714,1.094338
113,5.054381,2.596701,1.073293
114,4.863086,2.521534,1.058562
115,4.665513,2.467763,1.005949
116,4.463582,2.393628,0.940710
117,4.259385,2.393336,0.913351
118,4.055002,2.295064,0.883888
119,3.852380,2.164718,0.860739
120,3.653259,1.748020,0.839694
121,3.459136,1.440579,0.873366
122,3.286722,1.729357,0.923874
123,3.105909,1.547800,0.856530
124,2.945251,1.467843,0.835485
125,2.799793,0.947818,0.999636
126,2.699693,1.463103,1.241653
127,2.602102,1.890398,1.146950
128,2.511078,2.049027,1.056457
129,2.462567,1.566369,1.037517
130,2.449733,1.377256,1.056457
131,2.451411,2.013845,0.997531
132,2.448928,2.031620,0.932292
133,2.460860,2.015330,0.896515
134,2.475592,1.818649,0.881784
135,2.485760,1.369661,0.936501
136,2.507958,2.151007,0.925978
137,2.497965,2.159420,0.854425
138,2.492792,1.986961,0.824962
139,2.485368,1.563661,0.824962
140,2.471487,1.337527,5.008701
141,2.520800,1.890061,9.154558
142,2.524813,2.340942,3.240924
143,2.544169,2.284373,2.546440
144,2.619198,2.738671,2.230766
145,2.710770,2.584876,1.782508
146,2.813725,1.915176,1.548909
147,2.910915,1.549092,1.719373
148,3.040032,2.714701,1.578372
149,3.098347,2.803851,1.313206
150,3.170122,2.692098,1.182727
151,3.238112,2.510714,1.090129
152,3.291699,2.609861,1.014367
153,3.325025,1.875630,0.949128
154,3.362030,2.073244,1.525760
155,3.349330,1.885440,1.338460
156,3.335743,0.920797,1.121696
157,3.322294,1.416198,1.052248
158,3.298452,2.364708,0.970173
159,3.257609,2.090922,0.915456
160,3.214545,1.443191,0.909142
161,3.187865,2.271797,0.909142
162,3.128822,2.332991,0.856530
163,3.078356,1.748727,0.925978
164,3.053159,1.794654,1.630984
165,3.055384,1.716852,1.906673
166,3.051818,1.735583,6.587073
167,3.145971,2.195023,7.302601
168,3.207908,3.069314,3.830183
169,3.354345,3.207255,2.630620
170,3.544064,2.338712,2.335991
171,3.770411,2.391209,2.483305
172,3.959799,2.264163,2.146586
173,4.158492,2.461808,2.777935
174,4.325808,3.134680,2.209721
175,4.469950,2.977170,1.780404
176,4.599467,2.891433,1.422639
177,4.699853,2.881567,1.258489
178,4.763597,2.713338,1.205876
179,4.788066,1.925308,1.479461
180,4.804768,1.404656,3.114654
181,4.787683,2.116205,2.378081
182,4.746763,1.791709,2.967339
183,4.721956,1.510293,4.419442
184,4.756581,1.799623,9.386052
185,4.759527,2.326192,7.954995
186,4.825309,2.972795,5.008701
187,4.891228,2.445789,4.798251
188,5.002983,3.222391,3.724958
189,5.105384,2.476778,5.366465
190,5.274740,3.560465,3.346149
191,5.340431,3.242126,2.420170
192,5.432512,2.362237,3.030474
193,5.562549,2.403609,4.398397
194,5.654095,2.732288,3.135699
195,5.724684,3.032628,2.357036
196,5.790305,3.214364,1.856166
197,5.842133,2.381688,1.639402
198,5.876847,2.213148,1.563641
199,5.883331,2.972846,1.351086
200,5.843964,2.106401,1.332146
201,5.816536,2.311477,1.687806
202,5.747338,2.761089,1.393176
203,5.664591,2.730963,1.207981
204,5.579365,2.577151,1.125905
205,5.482532,2.050383,1.081711
206,5.387771,2.128102,1.052248
207,5.280334,2.947822,1.005949
208,5.146401,2.837256,0.938605
209,5.023606,2.692590,0.894411
210,4.901665,2.616359,0.860739
211,4.774584,2.502313,0.833380
212,4.639391,1.941651,0.841798
213,4.524191,1.858836,1.403699
214,4.381072,1.830567,1.201667
215,4.255274,2.385428,1.008054
216,4.132361,2.557463,0.885993
217,4.024823,2.407824,0.820753
218,3.923052,2.190634,0.780768
219,3.821104,1.964568,0.770246
220,3.715653,1.953059,0.744992
221,3.605190,1.956544,0.698693
222,3.489434,1.952512,0.671334
223,3.368891,1.881626,0.665021
224,3.244538,1.882428,0.650289
225,3.117595,1.815990,0.635558
226,2.989365,1.739007,0.620826
227,2.861127,1.702946,0.612408
228,2.734071,1.627287,0.603990
229,2.609253,1.350524,0.599781
230,2.487576,1.345417,0.665021
231,2.372914,1.557002,0.635558
232,2.259569,1.459899,0.601886
233,2.153606,1.486359,0.585050
234,2.054227,1.428901,0.570318
235,1.960849,1.369902,0.561900
236,1.873035,1.312140,0.570318
237,1.790448,1.028568,0.561900
238,1.717074,1.004116,0.557691
239,1.652165,1.315337,0.576632
240,1.589964,1.342503,0.726051
241,1.537247,1.298767,0.627140
242,1.495263,1.150232,0.614513
243,1.460049,0.920064,1.081711
244,1.480629,1.678268,0.987009
245,1.451073,1.262825,0.982800
246,1.487326,1.764353,0.989113
247,1.521937,1.660124,0.757619
248,1.584934,1.595287,0.677648
249,1.658910,1.592263,0.637662
250,1.732231,1.494458,0.612408
251,1.797518,1.520472,0.601886
252,1.850480,1.542761,0.593468
253,1.889026,1.257780,0.669230
254,1.914955,0.840668,0.662916
255,1.930948,1.191703,0.614513
256,1.928341,1.398133,0.652394
257,1.920320,0.992806,1.060666
258,1.933552,0.975411,1.121696
259,1.920706,0.590861,1.001740
260,1.932765,1.356170,0.919665
261,1.938532,1.459129,0.793395
262,1.963388,1.472815,0.717633
263,1.994374,1.432093,0.665021
264,2.023030,1.405791,0.622931
265,2.044180,1.080652,0.616617
266,2.058893,0.782862,0.643976
267,2.084421,1.116771,0.688170
268,2.074988,0.750155,0.679752
269,2.107974,0.822321,0.820753
270,2.124850,1.366380,0.885993
271,2.149817,1.214915,0.835485
272,2.191421,0.589724,0.803917
273,2.257640,0.603418,1.414221
274,2.379818,0.851069,3.535553
275,2.493679,1.476914,4.145857
276,2.622281,1.794183,2.293901
277,2.807629,1.622529,1.567850
278,3.044318,1.550602,1.266907
279,3.290778,1.617980,1.130114
280,3.520028,1.560287,1.033308
281,3.715740,1.295875,0.955441
282,3.869237,1.239786,0.907038
283,3.977207,1.277032,0.869157
284,4.039990,1.311950,0.837589
285,4.060300,1.319912,0.812335
286,4.042289,1.320888,0.789186
287,3.990868,1.262201,0.770246
288,3.911230,1.248200,0.755514
289,3.808521,1.148170,0.749201
290,3.687621,0.755224,1.115383
291,3.641928,0.924240,1.534178
292,3.503777,0.530608,1.153264
293,3.432754,0.586286,1.018576
294,3.398592,0.922309,0.938605
295,3.384989,1.051472,0.869157
296,3.385226,1.086170,0.835485
297,3.385243,1.053670,0.808126
298,3.376389,1.002766,0.780768
299,3.353894,0.971710,0.761828
300,3.315708,0.915756,0.742887
301,3.261626,0.904809,0.711320
302,3.192645,0.866682,0.698693
303,3.110489,0.857982,0.690275
304,3.017268,0.687039,0.690275
305,2.925836,0.623522,0.690275
306,2.817138,0.612262,0.690275
307,2.712336,0.582212,0.683961
308,2.609601,0.568161,0.673439
309,2.508009,0.635234,0.669230
310,2.407240,0.597760,0.717633
311,2.353360,0.618589,0.894411
312,2.268261,0.621173,1.403699
313,2.256916,0.700125,2.378081
314,2.228382,0.654881,1.809867
315,2.256100,0.690755,1.388967
316,2.312114,0.720583,1.207981
317,2.376845,0.694665,1.096442
318,2.437497,0.645604,1.254280
319,2.531692,0.638912,3.451374
320,2.617142,0.588439,6.208263
321,2.713078,0.435001,4.187947
322,2.805661,0.485439,2.609575
323,2.949443,0.536355,1.946659
324,3.108748,0.587178,1.597313
325,3.260158,0.620759,1.416326
326,3.389232,0.480767,1.321624
327,3.521513,0.405350,1.574163
328,3.641351,0.426603,1.652029
329,3.697880,0.497930,1.439475
330,3.780086,0.594218,1.332146
331,3.863134,0.645661,1.245862
332,3.934416,0.650751,1.176413
333,3.978941,0.425883,1.096442
334,3.997881,0.391961,1.029099
335,3.989184,0.421335,0.980695
336,3.953274,0.427457,0.936501
337,3.892156,0.378169,0.902829
338,3.808775,0.339842,0.873366
339,3.706545,0.411294,0.860739
340,3.589028,0.520936,0.852321
341,3.459710,0.466690,0.841798
342,3.321860,0.353648,0.841798
343,3.197391,0.301327,0.864948
344,3.072879,0.321765,0.864948
345,2.940336,0.382037,0.841798
346,2.836437,0.350566,0.841798
347,2.756068,0.277479,0.833380
348,2.675901,0.302036,0.808126
349,2.607705,0.326522,0.812335
350,2.544683,0.236884,0.818649
351,2.482533,0.237288,0.791291
352,2.418771,0.281367,0.782873
353,2.352097,0.292886,0.797604
354,2.303334,0.270933,0.833380
355,2.230091,0.252016,0.810231
356,2.170935,0.182134,0.742887
357,2.119068,0.158140,0.763932
358,2.070020,0.196846,0.881784
359,2.021021,0.261387,0.793395
360,1.970506,0.319550,0.776559
361,1.917755,0.384452,0.761828
362,1.862616,0.340974,0.759723
363,1.805304,0.383045,0.747096
364,1.746257,0.464682,0.925978
365,1.731384,0.485770,6.481848
366,1.773685,0.421157,9.175603
367,1.747081,0.420275,4.124812
368,1.822243,0.466320,2.777935
369,1.951692,0.558254,3.072564
370,2.160893,0.548944,4.377352
371,2.310454,0.464981,3.198834
372,2.492175,0.485380,2.546440
373,2.675382,0.480883,2.209721
374,2.862624,0.559492,2.007689
375,3.003426,0.531710,1.780404
376,3.127003,0.570404,1.593104
377,3.224465,0.541903,1.443684
378,3.291583,0.421351,1.315310
379,3.327354,0.466473,1.218503
380,3.332919,0.587991,1.155368
381,3.310773,0.666771,1.104860
382,3.264179,0.731567,1.083815
383,3.196762,0.632989,1.296370
384,3.147722,0.603550,1.359504
385,3.057499,0.649162,1.281638
386,3.023438,0.633588,2.798980
387,2.968644,0.591991,2.967339
388,2.944276,0.657283,2.399126
389,2.949326,0.692915,2.066615
390,2.964671,0.618658,1.862479
391,2.993499,0.586706,1.685701
392,2.996808,0.675254,1.517342
393,2.998598,0.738165,1.367922
394,2.991661,0.629144,1.578372
395,3.042611,0.654022,2.567485
396,3.008137,0.712356,2.441215
397,3.014970,0.819667,2.096078
398,3.039113,0.824081,2.209721
399,3.111650,0.839887,16.436114
400,3.258644,0.866701,48.613859
401,3.410579,0.813715,16.204620
402,3.553669,0.926032,5.492735
403,3.834231,0.923168,3.893318
404,4.175379,1.013944,3.072564
405,4.517434,1.078560,2.630620
406,4.831322,0.928894,11.174874
407,5.214794,1.041773,11.743088
408,5.417266,1.121920,5.324375
409,5.649124,1.251884,3.788093
410,5.869204,1.089325,3.030474
411,6.052167,0.823013,2.567485
412,6.211030,0.939421,3.872273
413,6.330467,1.116536,4.714071
414,6.368367,0.991549,3.198834
415,6.398887,1.057888,2.651665
416,6.404779,1.164859,2.314946
417,6.376828,1.193144,2.028734
418,6.311569,1.104461,1.976122
419,6.224958,1.300833,1.887733
420,6.088243,0.958933,1.675179
421,5.933782,1.029244,1.492088
422,5.760958,0.980000,1.382654
423,5.571057,1.350509,1.315310
424,5.366516,1.394638,1.271116
425,5.150382,0.881157,1.241653
426,4.942356,0.577149,1.355295
427,4.756175,0.953043,1.788822
428,4.563576,1.382739,1.910882
429,4.386185,1.435659,1.765672
430,4.254763,1.592465,1.654134
431,4.148334,1.621093,1.569954
432,4.052825,0.981096,1.902464
433,4.018865,0.943041,4.629891
434,3.974198,1.305661,5.871544
435,3.947021,2.013760,4.103767
436,3.949566,1.858910,3.114654
437,4.002867,1.940617,2.546440
438,4.073903,2.045278,2.272856
439,4.141045,1.489373,2.756890
440,4.250286,0.975367,10.122626
441,4.350789,1.371670,7.870815
442,4.403142,1.788893,4.735116
443,4.503539,1.848160,3.472419
444,4.628665,1.327859,2.777935
445,4.749231,1.618891,2.378081
446,4.847087,1.934294,2.146586
447,4.912100,1.968406,1.946659
448,4.939791,1.757700,1.788822
449,4.929546,1.303198,1.670970
450,4.883983,1.255672,1.553118
451,4.805219,1.568295,1.443684
452,4.698841,1.767089,1.348982
453,4.569319,1.095070,1.319519
454,4.428294,1.044642,1.302683
455,4.280697,1.440241,1.431057
456,4.126588,2.103101,1.313206
457,3.967665,1.776479,1.205876
458,3.830172,1.778674,1.142741
459,3.693857,1.823088,1.111174
460,3.566684,2.018797,1.090129
461,3.443888,1.562534,1.117487
462,3.354634,1.494891,1.189040
463,3.234882,1.761210,1.121696
464,3.138239,1.985921,1.069084
465,3.056464,1.698691,1.064875
466,3.000051,1.423755,1.098547
467,2.952245,1.719406,1.088024
468,2.891707,1.865551,1.052248
469,2.856503,1.839833,1.037517
470,2.832373,1.499375,1.037517
471,2.813065,1.852632,1.037517
472,2.786475,1.608061,1.043830
473,2.769990,1.705788,1.094338
474,2.738919,1.969021,1.058562
475,2.702988,1.806823,1.026994
476,2.671435,1.365779,2.777935
477,2.720398,1.906648,4.756161
478,2.717017,2.734462,2.841070
479,2.735705,2.752664,2.146586
480,2.810675,2.605327,1.816180
481,2.909259,2.541115,1.620462
482,3.009596,2.366149,1.456311
483,3.097786,1.772361,1.391072
484,3.200780,1.974918,1.372131
485,3.256243,2.417952,1.271116
486,3.301558,2.003382,1.197458
487,3.346949,1.159700,1.416326
488,3.413174,1.582810,1.955077
489,3.469386,1.847272,1.700433
490,3.515200,1.914129,1.809867
491,3.605159,2.157228,1.824598
492,3.672356,2.484430,1.569954
493,3.775424,2.627283,1.401594
494,3.884733,1.960354,1.313206
495,3.987059,1.674931,1.294265
496,4.070091,2.235439,1.212190
497,4.117355,2.100961,1.167995
498,4.143796,1.663193,1.266907
499,4.172502,2.641884,1.184831
500,4.146871,2.654610,1.090129
501,4.117327,2.121755,1.043830
502,4.076361,1.794081,1.140637
503,4.056469,2.546253,1.199563
504,3.983424,2.476565,1.064875
505,3.922933,1.537464,1.715164
506,3.917580,1.614976,5.913634
507,3.896029,1.798205,4.461532
508,3.895810,2.167559,3.156744
509,3.909821,2.479975,2.462260
510,3.967700,2.853360,2.020316
511,4.038879,2.617707,1.738314
512,4.103503,2.088794,1.612044
513,4.157268,1.856485,1.532073
514,4.185386,2.549277,1.338460
515,4.184702,2.710799,1.189040
516,4.165570,2.568374,1.088024
517,4.125327,2.339621,1.018576
518,4.063724,2.069585,0.953337
519,3.982085,1.584050,1.216399
520,3.949677,2.230483,1.266907
521,3.834624,2.650767,1.066980
522,3.760329,2.773635,0.974382
523,3.706001,2.795024,0.921769
524,3.657816,2.579929,0.873366
525,3.607038,2.364478,0.843903
526,3.548605,2.291793,0.812335
527,3.480036,2.387452,0.776559
528,3.400628,2.428077,0.751305
529,3.310845,2.343705,0.732365
530,3.211874,2.175184,0.723947
531,3.105843,1.544473,0.755514
532,3.008300,2.172858,0.820753
533,2.892148,2.203328,0.753410
534,2.785601,2.025829,0.717633
535,2.684828,2.189963,0.700797
536,2.587500,2.125592,0.698693
537,2.492122,1.539369,0.907038
538,2.443969,1.648394,1.079606
539,2.375384,2.295571,1.024890
540,2.319193,2.308922,0.852321
541,2.303810,2.218373,0.763932
542,2.309454,2.300500,0.717633
543,2.322652,2.243459,0.692379
544,2.334600,2.256300,0.673439
545,2.339899,2.187750,0.654498
546,2.335591,2.099315,0.639767
547,2.320431,1.869469,0.629244
548,2.294340,1.792289,0.622931
549,2.257992,2.024978,0.614513
550,2.212523,1.880224,0.595572
551,2.159312,1.853786,0.578736
552,2.099829,1.756982,0.568214
553,2.035534,1.627423,0.566109
554,1.967808,1.609017,0.572423
555,1.898873,1.550979,0.582945
556,1.827912,1.430042,0.589259
557,1.757620,1.033954,0.654498
558,1.695529,0.947496,1.559432
559,1.704574,1.308019,1.776195
560,1.662626,1.809438,1.115383
561,1.670192,2.329996,0.858634
562,1.726745,2.276344,0.759723
563,1.810832,2.342025,0.707111
564,1.903147,2.175262,0.675543
565,1.990994,2.182544,0.652394
566,2.066529,1.983035,0.639767
567,2.125400,1.987622,0.637662
568,2.165725,1.933230,0.641871
569,2.187526,1.372733,0.711320
570,2.208686,1.759242,0.770246
571,2.196257,2.042803,0.688170
572,2.183405,2.078620,0.635558
573,2.166072,2.063649,0.614513
574,2.142072,1.933053,0.599781
575,2.110524,1.970906,0.589259
576,2.071431,1.873486,0.570318
577,2.025360,1.674293,0.557691
578,1.973217,1.615083,0.549273
579,1.916081,1.570695,0.542960
580,1.855088,1.663320,0.532438
581,1.791354,1.654469,0.528229
582,1.725924,1.149447,0.555587
583,1.669946,1.294432,0.612408
584,1.608458,1.526651,0.595572
585,1.551019,1.442640,0.553482
586,1.503085,1.519425,0.530333
587,1.460924,1.467811,0.515602
588,1.422013,1.469007,0.507184
589,1.384718,1.488592,0.498766
590,1.348040,1.359160,0.488243
591,1.311434,1.148368,0.484034
592,1.274664,1.280066,0.484034
593,1.237697,1.286756,0.475616
594,1.200632,1.288021,0.460885
595,1.163641,1.285460,0.448258
596,1.126929,1.260143,0.437735
597,1.090712,1.211453,0.427213
598,1.055194,1.110237,0.437735
599,1.022773,1.093464,0.462989
600,0.989158,0.903440,0.439840
601,0.958457,0.972941,0.435631
602,0.929984,1.011044,0.431422
603,0.903261,1.031034,0.423004
604,0.877960,1.017860,0.414586
605,0.853863,0.994180,0.408272
606,0.830823,0.947098,0.399854
607,0.808749,0.869162,0.393541
608,0.787583,0.832151,0.383018
609,0.767288,0.806066,0.383018
610,0.747840,0.783399,0.378809
611,0.729222,0.769428,0.378809
612,0.711420,0.750109,0.378809
613,0.694419,0.734767,0.374600
614,0.678203,0.719368,0.370391
615,0.662751,0.696913,0.368287
616,0.648043,0.512422,0.378809
617,0.643134,0.538912,0.427213
618,0.633852,0.621920,0.423004
619,0.638477,0.680476,0.450362
620,0.646761,0.706493,0.473512
621,0.669654,0.560736,0.465094
622,0.708416,0.785198,0.462989
623,0.744374,0.850530,0.462989
624,0.813609,1.239476,0.481930
625,0.868994,1.178808,0.456676
626,0.937278,1.143859,0.429317
627,1.007765,1.137868,0.420899
628,1.073503,0.947209,0.418795
629,1.130270,0.929805,0.420899
630,1.175813,0.726216,0.441944
631,1.226205,1.016243,0.448258
632,1.247459,0.920009,0.429317
633,1.270720,0.944322,0.425108
634,1.291046,1.001204,0.418795
635,1.305495,1.033048,0.414586
636,1.312555,1.023512,0.408272
637,1.311705,0.993400,0.401959
638,1.303096,0.919417,0.393541
639,1.287305,0.796133,0.359869
640,1.265161,0.854596,0.359869
641,1.237622,0.871129,0.359869
642,1.205679,0.598957,0.454571
643,1.217224,1.059236,0.650289
644,1.178957,1.078314,0.555587
645,1.175849,1.030166,0.471407
646,1.192180,0.785654,0.507184
647,1.243603,0.745613,0.867052
648,1.288974,0.883609,0.656603
649,1.339849,0.591903,0.555587
650,1.403159,0.734741,0.505079
651,1.478745,0.809133,0.484034
652,1.553837,0.913612,0.477721
653,1.620354,0.916486,0.467198
654,1.673615,0.931607,0.458780
655,1.711353,0.933679,0.458780
656,1.732980,0.715270,0.570318
657,1.768644,0.740776,0.707111
658,1.760043,0.778026,0.597677
659,1.762069,0.806755,0.542960
660,1.766061,0.646235,0.580841
661,1.806008,0.549582,0.837589
662,1.812499,0.752652,0.774455
663,1.828691,0.715505,0.656603
664,1.864506,0.660939,0.593468
665,1.904159,0.681556,0.566109
666,1.940095,0.688555,0.542960
667,1.966569,0.641768,0.517706
668,1.980523,0.672765,0.509288
669,1.980775,0.688645,0.505079
670,1.967418,0.677452,0.502975
671,1.941365,0.680487,0.502975
672,1.904020,0.668166,0.498766
673,1.857043,0.689904,0.502975
674,1.802184,0.573186,0.526124
675,1.759875,0.470574,0.568214
676,1.697217,0.499822,0.589259
677,1.643126,0.466660,0.572423
678,1.597824,0.370788,0.650289
679,1.614442,0.437404,1.849852
680,1.653983,0.606757,1.382654
681,1.657668,0.629439,0.959650
682,1.747898,0.611429,0.768141
683,1.881651,0.614954,0.679752
684,2.029393,0.621983,0.635558
685,2.171620,0.606995,0.614513
686,2.296192,0.533192,0.646080
687,2.398174,0.490392,0.662916
688,2.470723,0.504955,0.662916
689,2.516758,0.567011,0.660812
690,2.536860,0.593759,0.650289
691,2.532877,0.546812,0.643976
692,2.515258,0.486596,0.650289
693,2.489432,0.493272,0.673439
694,2.435922,0.543198,0.671334
695,2.387763,0.544672,0.654498
696,2.339372,0.547674,0.646080
697,2.289260,0.533705,0.744992
698,2.292339,0.408102,1.115383
699,2.230449,0.375250,0.997531
700,2.211254,0.399572,0.867052
701,2.213688,0.469160,0.774455
702,2.224078,0.458229,2.314946
703,2.357482,0.448018,5.198105
704,2.357358,0.370911,2.504350
705,2.445511,0.391852,1.748836
706,2.576680,0.419100,1.386863
707,2.719552,0.348553,1.229026
708,2.853682,0.382695,1.115383
709,2.966576,0.383026,1.029099
710,3.051449,0.396361,0.961755
711,3.105532,0.418342,0.911247
712,3.128793,0.476725,0.858634
713,3.122989,0.453044,0.827067
714,3.113057,0.499378,0.827067
715,3.059787,0.453393,0.814440
716,3.021907,0.473212,0.862843
717,2.997837,0.548477,2.081347
718,3.009807,0.480708,4.356307
719,3.036145,0.499070,3.135699
720,3.074321,0.535355,4.798251
721,3.259479,0.567019,17.046418
722,3.530892,0.444183,17.298958
723,3.768390,0.305740,7.134242
724,4.092146,0.312645,4.103767
725,4.489654,0.360708,3.030474
726,4.904826,0.391207,2.609575
727,5.340296,0.492393,5.050791
728,5.710192,0.594903,4.693026
729,6.029215,0.688636,4.524667
730,6.356195,0.415945,12.269212
731,6.661101,0.425410,6.629163
732,6.888146,0.471932,3.893318
733,7.125912,0.503434,2.904205
734,7.335006,0.435647,2.420170
735,7.492241,0.520150,2.146586
736,7.585964,0.596240,1.889837
737,7.628826,0.591623,2.209721
738,7.660416,0.505764,2.777935
739,7.573202,0.518758,2.378081
740,7.495488,0.529048,2.209721
741,7.425793,0.622274,3.724958
742,7.348688,0.589929,3.746003
743,7.231348,0.490569,2.967339
744,7.110903,0.571727,2.420170
745,6.988428,0.602999,2.146586
746,6.851834,0.622246,1.999271
747,6.704517,0.643281,1.851957
748,6.525269,0.621400,1.662552
749,6.331903,0.660673,1.534178
750,6.123413,0.674360,1.452102
751,5.902487,0.586195,1.359504
752,5.667856,0.461217,1.254280
753,5.425427,0.547148,1.165891
754,5.177676,0.642035,1.083815
755,4.927250,0.598232,1.035412
756,4.676756,0.653795,0.993322
757,4.428611,0.685800,0.963859
758,4.184967,0.703314,0.957546
759,3.949607,0.817010,0.951232
760,3.720143,0.772658,0.934396
761,3.512095,0.686268,0.911247
762,3.303912,0.684038,0.877575
763,3.115208,0.738342,0.875470
764,2.942210,0.800674,0.871261
765,2.782201,0.952066,0.864948
766,2.633238,0.897255,0.873366
767,2.522134,0.688180,1.024890
768,2.427697,0.861488,1.081711
769,2.326548,0.619447,1.066980
770,2.273756,0.770798,1.037517
771,2.248974,0.985870,1.020681
772,2.238062,0.956128,1.001740
773,2.231500,0.962091,0.972277
774,2.223176,0.928817,1.290056
775,2.271443,0.868618,4.419442
776,2.298813,0.782300,4.040632
777,2.317653,0.630679,2.735845
778,2.394004,0.778935,3.767048
779,2.559036,0.965898,28.410697
780,2.864453,0.892884,50.928805
781,3.188365,1.028979,37.880929
782,3.524629,1.171518,8.965153
783,4.050423,1.239183,5.134970
784,4.691121,1.303607,3.872273
785,5.351520,1.295096,3.177789
786,5.969851,1.322135,2.609575
787,6.508533,0.995688,2.314946
788,6.947466,1.200580,2.060302
789,7.278848,1.384730,1.835121
790,7.503263,1.469612,1.786717
791,7.635669,1.255730,2.378081
792,7.681857,1.419277,2.399126
793,7.658981,0.949688,2.441215
794,7.563902,1.400725,2.293901
795,7.434718,1.701839,2.125541
796,7.271017,1.730639,1.961390
797,7.075161,1.178886,1.790926
798,6.851178,1.406565,1.647820
799,6.603971,1.462100,1.525760
800,6.338759,1.528475,1.437371
801,6.060703,1.579518,1.393176
802,5.778148,1.040115,1.397385
803,5.510307,1.153090,1.351086
804,5.223426,1.013789,1.262698
805,4.958822,1.564456,1.195354
806,4.710630,1.598198,1.153264
807,4.484171,1.101042,1.205876
808,4.286051,1.701264,1.199563
809,4.076520,1.919770,1.134323
810,3.900699,2.009384,1.094338
811,3.746421,1.629159,1.136428
812,3.641019,1.622230,9.322918
813,3.602168,2.204447,6.629163
814,3.500081,2.159330,3.619733
815,3.490476,2.296858,2.714800
816,3.529988,2.014867,2.293901
817,3.588835,1.691148,2.125541
818,3.676522,1.230905,3.893318
819,3.819832,1.292668,11.490549
820,3.896588,1.805941,6.376623
821,4.011005,2.112977,4.103767
822,4.172437,2.321772,3.156744
823,4.342556,2.326578,2.588530
824,4.496686,1.951168,2.230766
825,4.622097,1.628487,2.058197
826,4.722657,2.464681,1.868793
827,4.768047,2.431110,1.702537
828,4.786166,1.793979,1.639402
829,4.797328,1.560872,1.710955
830,4.765831,1.883299,1.637298
831,4.721445,2.275412,1.534178
832,4.661744,1.603303,1.569954
833,4.627170,1.338794,1.675179
834,4.574762,1.294451,2.988384
835,4.601497,1.718502,9.996356
836,4.626785,2.808703,8.081265
837,4.651639,2.879427,4.419442
838,4.769628,2.754633,3.261969
839,4.925467,1.757080,2.904205
840,5.115060,2.032959,4.187947
841,5.255633,1.762052,3.283014
842,5.380057,1.973109,2.609575
843,5.481495,2.264970,2.272856
844,5.547987,2.362487,1.980331
845,5.574049,2.578077,1.765672
846,5.558644,2.218712,1.620462
847,5.503666,1.742089,1.538387
848,5.415937,1.383536,1.776195
849,5.343380,1.360818,7.492006
850,5.283526,2.148025,10.038446
851,5.156211,2.758355,5.324375
852,5.102985,2.826052,3.493463
853,5.085151,2.779525,2.735845
854,5.076815,2.008142,2.462260
855,5.079937,1.389635,3.388239
856,5.101486,1.920854,4.082722
857,5.098015,2.845714,3.051519
858,5.085146,2.718489,2.462260
859,5.105143,2.017077,2.904205
860,5.155833,1.853468,3.009429
861,5.186399,1.507836,4.272127
862,5.261680,1.588948,7.744546
863,5.304333,1.863326,7.007972
864,5.410025,2.352581,5.029746
865,5.525031,3.413807,3.535553
866,5.647512,3.343571,2.735845
867,5.811283,3.272148,2.272856
868,5.975114,2.455311,3.219879
869,6.164615,2.373708,4.756161
870,6.304670,2.314687,4.440487
871,6.406899,2.768346,3.240924
872,6.503009,2.543052,2.357036
873,6.590331,2.787510,2.003480
874,6.649015,2.906842,1.782508
875,6.668370,2.214072,1.732000
876,6.644112,1.529088,22.307658
877,6.784345,1.856022,159.520802
878,6.924459,2.721176,51.770603
879,6.976285,2.979937,9.470232
880,7.274030,4.043286,5.156015
881,7.696412,3.825018,3.703913
882,8.186518,3.888899,2.988384
883,8.666148,3.029891,2.798980
884,9.135738,4.144853,2.335991
885,9.467816,3.040039,2.077138
886,9.755105,2.912453,2.420170
887,9.996977,3.549775,2.209721
888,10.108119,3.622613,1.830912
889,10.178633,3.568621,1.649925
890,10.190857,3.447663,1.496297
891,10.137392,3.424926,1.388967
892,10.017811,2.375849,1.327937
893,9.852245,1.981881,1.330042
894,9.623358,2.765688,1.277429
895,9.355457,2.366992,1.304788
896,9.083400,3.039396,1.275325
897,8.767008,2.170410,1.308997
898,8.472135,2.906750,1.197458
899,8.152967,3.208983,1.100651
900,7.844442,3.107553,1.048039
901,7.539657,2.988476,1.016472
902,7.235123,2.348358,1.018576
903,6.956912,2.199228,1.250071
904,6.705390,2.267883,1.487879
905,6.447588,2.266898,1.915091
906,6.263573,2.111082,2.066615
907,6.101304,2.143959,1.664656
908,5.990040,2.656344,1.378445
909,5.918153,2.784525,1.243757
910,5.859792,3.030068,1.157473
911,5.798407,2.932282,1.096442
912,5.724175,2.907270,1.039621
913,5.632048,2.847868,0.984904
914,5.520274,2.438088,1.197458
915,5.396829,2.345598,1.037517
916,5.252800,2.399678,1.050144
917,5.095548,2.520844,0.955441
918,4.933301,2.412503,0.917560
919,4.765747,2.401781,0.898620
920,4.593537,1.858276,0.909142
921,4.448988,2.491233,0.917560
922,4.271098,1.903605,0.902829
923,4.131515,2.401038,0.873366
924,3.992338,1.997837,0.829171
925,3.881641,2.338729,0.799709
926,3.772511,2.273030,0.774455
927,3.675145,2.177551,0.749201
928,3.582822,1.937031,0.761828
929,3.493488,1.953013,0.759723
930,3.400547,1.572323,0.793395
931,3.326139,2.234916,0.757619
932,3.230255,2.145948,0.719738
933,3.147598,2.209685,0.688170
934,3.071573,2.135358,0.669230
935,2.997945,1.934261,0.713424
936,2.926085,1.348031,0.822858
937,2.886697,1.803054,0.843903
938,2.812607,1.814233,0.782873
939,2.765403,2.014670,0.740783
940,2.732235,1.950206,0.707111
941,2.707016,1.770378,0.688170
942,2.682983,1.950416,0.667125
943,2.655949,1.978609,0.639767
944,2.623580,1.968008,0.618722
945,2.584837,1.792237,0.606095
946,2.539562,1.694424,0.599781
947,2.488170,1.393437,0.593468
948,2.441925,1.770901,0.669230
949,2.380668,1.680301,0.667125
950,2.324296,1.441501,0.627140
951,2.276093,1.106924,0.614513
952,2.232943,1.082645,1.029099
953,2.229367,1.793924,1.117487
954,2.189599,2.006765,0.854425
955,2.190887,1.937497,0.744992
956,2.213507,1.798800,0.702902
957,2.243939,1.857497,0.683961
958,2.273267,1.867054,0.652394
959,2.295948,1.691926,0.643976
960,2.308871,1.244338,0.675543
961,2.325746,1.748336,0.705006
962,2.315990,1.696648,0.658707
963,2.307312,1.520579,0.629244
964,2.295392,1.584495,0.616617
965,2.277780,1.625818,0.603990
966,2.253345,1.543087,0.585050
967,2.221855,1.386211,0.576632
968,2.183670,0.852630,0.582945
969,2.145408,0.988835,0.625035
970,2.101953,1.156461,0.622931
971,2.053240,0.972714,0.665021
972,2.033332,1.046855,1.115383
973,2.036343,1.710663,0.871261
974,2.012024,1.813679,0.738678
975,2.034054,1.719175,0.669230
976,2.079546,1.625757,0.629244
977,2.132832,1.502268,0.603990
978,2.183604,1.572241,0.593468
979,2.225485,1.536101,0.585050
980,2.254922,1.563957,0.564005
981,2.270363,1.497587,0.547169
982,2.271620,1.081691,0.538751
983,2.268378,1.053694,0.650289
984,2.248763,1.482136,0.643976
985,2.220641,1.501706,0.593468
986,2.191330,1.453668,0.572423
987,2.158575,1.465123,0.547169
988,2.121283,1.423080,0.534542
989,2.079157,1.363784,0.519811
990,2.032421,1.300289,0.511393
991,1.981621,1.026980,0.505079
992,1.937688,1.041604,0.524020
993,1.890278,1.027347,0.532438
994,1.839729,1.045753,0.507184
995,1.800024,1.090457,0.502975
996,1.766022,1.062190,0.502975
997,1.734306,0.588909,0.513497
998,1.718512,0.788990,0.610304
999,1.720427,1.164504,0.734469
1000,1.697908,1.140243,0.633453
1001,1.707705,1.161361,0.572423
1002,1.733675,1.205815,0.547169
1003,1.764807,1.188352,0.532438
1004,1.793893,1.149417,0.494557
1005,1.816506,1.099881,0.484034
1006,1.830220,1.086231,0.481930
1007,1.834011,1.031541,0.471407
1008,1.827817,0.813493,0.473512
1009,1.827774,0.716223,0.521915
1010,1.827793,0.827601,0.536646
1011,1.808243,0.870007,0.532438
1012,1.808464,0.898656,0.519811
1013,1.817221,0.907211,0.519811
1014,1.827210,0.780504,0.519811
1015,1.839279,0.908031,0.519811
1016,1.839164,0.845345,0.524020
1017,1.836093,0.788915,0.519811
1018,1.827603,0.557995,0.526124
1019,1.834834,0.738082,0.553482
1020,1.812630,0.740203,0.559796
1021,1.801397,0.777051,0.559796
1022,1.793877,0.784575,0.557691
1023,1.785389,0.693534,0.553482
1024,1.773122,0.722226,0.540855
1025,1.755598,0.737345,0.530333
1026,1.732265,0.521623,0.572423
1027,1.731150,0.475780,0.686066
1028,1.750446,0.636703,1.959286
1029,1.778313,0.829859,1.521551
1030,1.812020,0.708783,1.151159
1031,1.913029,0.910971,1.229026
1032,2.044082,0.884714,0.974382
1033,2.178382,0.751711,0.841798
1034,2.312886,0.775325,0.763932
1035,2.433999,0.707609,0.747096
1036,2.556243,0.628704,0.774455
1037,2.630459,0.482737,0.747096
1038,2.695903,0.429853,0.694484
1039,2.745313,0.438609,0.662916
1040,2.775011,0.508481,0.646080
1041,2.783812,0.547214,0.637662
1042,2.772204,0.497822,0.631349
1043,2.741743,0.429864,0.618722
1044,2.694608,0.463828,0.610304
1045,2.633288,0.468543,0.606095
1046,2.560356,0.468015,0.601886
1047,2.478321,0.469861,0.597677
1048,2.389532,0.517823,0.593468
1049,2.296119,0.546399,0.591363
1050,2.199964,0.604021,0.591363
1051,2.102694,0.608015,0.591363
1052,2.005680,0.613081,0.591363
1053,1.910057,0.550803,0.591363
1054,1.816950,0.439672,0.641871
1055,1.779115,0.515284,0.894411
1056,1.702881,0.399045,0.942814
1057,1.684805,0.459872,0.951232
1058,1.678254,0.400787,0.871261
1059,1.709203,0.368403,0.799709
1060,1.757735,0.363573,0.787082
1061,1.810365,0.401869,0.770246
1062,1.858360,0.483827,0.774455
1063,1.896459,0.538717,0.772350
1064,1.921879,0.523851,1.045935
1065,1.999824,0.504348,19.319274
1066,2.209846,0.568251,35.145084
1067,2.385712,0.567192,53.664650
1068,2.745248,0.430069,16.583429
1069,3.167698,0.436639,5.029746
1070,3.794987,0.495791,3.430329
1071,4.500647,0.546049,2.630620
1072,5.199835,0.629161,2.167631
1073,5.838442,0.611328,2.714800
1074,6.475387,0.517849,6.502893
1075,6.957655,0.524397,4.503622
1076,7.353208,0.621996,3.177789
1077,7.713619,0.625123,3.219879
1078,8.096593,0.616757,5.576915
1079,8.348287,0.425287,4.187947
1080,8.542043,0.421982,3.072564
1081,8.719591,0.458757,2.483305
1082,8.850800,0.453644,2.083451
1083,8.919500,0.415998,1.807762
1084,8.919289,0.474805,1.622566
1085,8.850384,0.512701,1.494192
1086,8.731792,0.519538,1.416326
1087,8.552904,0.630739,1.447893
1088,8.367064,0.537995,1.786717
1089,8.142599,0.466312,1.841434
1090,7.899332,0.476080,1.647820
1091,7.676059,0.553389,1.506819
1092,7.456444,0.536106,1.452102
1093,7.254312,0.496528,1.477356
1094,7.026036,0.478389,1.431057
1095,6.795753,0.509955,1.348982
1096,6.570405,0.513024,1.285847
1097,6.343232,0.530628,1.243757
1098,6.122933,0.498764,1.357400
1099,5.910294,0.489298,1.380549
1100,5.675384,0.480897,1.321624
1101,5.461972,0.522123,1.271116
1102,5.259845,0.525104,1.222712
1103,5.062694,0.553024,1.203772
1104,4.872245,0.578596,1.292161
1105,4.706757,0.535080,1.277429
1106,4.514042,0.455574,1.207981
1107,4.347491,0.492986,1.180622
1108,4.235431,0.579364,1.279534
1109,4.116398,0.551646,2.081347
1110,4.056168,0.446598,2.904205
1111,3.983028,0.428602,2.167631
1112,3.967109,0.458420,1.856166
1113,3.977497,0.507092,1.681492
1114,3.993535,0.470367,1.521551
1115,4.002108,0.550913,1.391072
1116,3.995549,0.630444,1.317415
1117,3.970056,0.660140,1.269011
1118,3.924496,0.657591,1.281638
1119,3.884456,0.625687,1.285847
1120,3.801560,0.675173,1.205876
1121,3.723046,0.712525,1.132219
1122,3.642774,0.735275,1.077502
1123,3.557315,0.771978,1.050144
1124,3.465136,0.823299,1.033308
1125,3.365981,0.813131,1.008054
1126,3.260419,0.835937,0.970173
1127,3.149512,0.796948,0.965964
1128,3.034581,0.772704,0.947023
1129,2.917037,0.848222,0.928083
1130,2.798271,0.911912,0.911247
1131,2.679581,0.915849,0.902829
1132,2.562131,0.778792,0.883888
1133,2.446925,0.790288,0.850216
1134,2.334803,0.677421,0.831276
1135,2.226442,0.637042,0.810231
1136,2.122365,0.762399,0.791291
1137,2.022957,0.885587,0.782873
1138,1.928476,0.902785,0.780768
1139,1.841858,0.760158,0.780768
1140,1.765221,0.752514,0.793395
1141,1.701677,0.912560,0.909142
1142,1.669445,1.092923,0.959650
1143,1.623569,0.862006,0.955441
1144,1.668967,0.912320,1.252175
1145,1.707275,1.176920,1.348982
1146,1.771014,1.022518,1.300579
1147,1.879897,1.158653,1.212190
1148,2.006488,1.212066,1.144846
1149,2.132404,1.042434,1.656238
1150,2.315555,0.867059,3.325104
1151,2.448725,1.056909,2.883160
1152,2.580973,0.860642,3.872273
1153,2.800092,0.958180,5.450645
1154,2.975076,1.375713,3.598688
1155,3.184361,1.408698,2.693755
1156,3.394428,1.406810,2.167631
1157,3.583905,1.539979,1.849852
1158,3.740247,1.649820,1.668865
1159,3.857202,1.642762,1.521551
1160,3.932899,1.481539,1.399490
1161,3.968410,1.379318,1.338460
1162,3.966684,1.603945,1.252175
1163,3.931770,1.709884,1.163786
1164,3.868258,1.709449,1.245862
1165,3.780891,1.289692,25.885302
1166,3.838305,1.161667,18.119711
1167,3.722463,1.228539,5.576915
1168,3.717505,1.246117,3.788093
1169,3.781908,1.380624,2.820025
1170,3.875458,1.447924,2.293901
1171,3.971341,1.501713,1.948763
1172,4.052590,1.691996,1.710955
1173,4.109370,1.268770,2.043466
1174,4.183304,1.269968,3.851228
1175,4.217173,1.475093,3.261969
1176,4.220409,1.553135,2.609575
1177,4.246177,1.294130,2.293901
1178,4.285739,1.110107,2.293901
1179,4.325579,1.650671,2.167631
1180,4.330195,1.379181,1.917196
1181,4.345122,1.476079,1.788822
1182,4.347986,1.767004,1.681492
1183,4.332825,1.705684,1.586790
1184,4.305396,1.642112,1.496297
1185,4.260697,1.249325,1.529969
1186,4.211867,1.600168,1.555223
1187,4.131287,1.591797,1.426848
1188,4.042619,1.420559,1.342668
1189,3.947207,1.547299,1.271116
1190,3.843150,1.815700,1.226921
1191,3.730128,1.890412,1.180622
1192,3.608842,1.821158,1.134323
1193,3.480601,1.239413,1.119592
1194,3.360544,2.064407,1.117487
1195,3.223270,2.194934,1.079606
1196,3.094782,2.222615,1.048039
1197,2.971906,2.233144,1.016472
1198,2.852737,2.118166,0.989113
1199,2.736255,2.003237,0.963859
1200,2.622034,2.172482,0.940710
1201,2.510035,2.092054,0.930187
1202,2.401587,1.622541,1.058562
1203,2.313768,1.992353,1.052248
1204,2.210686,2.047028,0.982800
1205,2.126550,1.620581,0.970173
1206,2.058404,0.999019,1.111174
1207,2.022806,1.094958,1.464729
1208,1.992005,2.060108,1.525760
1209,1.961235,2.302468,1.361609
1210,1.965660,2.276285,1.243757
1211,1.987490,2.141596,1.163786
1212,2.014643,1.409057,1.094338
1213,2.039255,1.129930,1.052248
1214,2.056543,1.533355,1.014367
1215,2.064745,1.762621,0.980695
1216,2.061190,1.932272,0.949128
1217,2.047624,2.036766,0.921769
1218,2.023925,2.005964,0.890202
1219,1.991472,1.776336,0.862843
1220,1.951357,1.877207,0.833380
1221,1.904827,1.776375,0.808126
1222,1.853170,1.442547,0.797604
1223,1.797638,1.423811,0.784977
1224,1.739400,1.528234,0.772350
1225,1.679510,1.646320,0.761828
1226,1.618896,1.682947,0.751305
1227,1.558351,1.728239,0.738678
1228,1.498541,1.678900,0.736574
1229,1.440009,1.117674,1.351086
1230,1.435995,2.043611,1.374236
1231,1.380682,2.054697,1.018576
1232,1.369243,1.982015,0.877575
1233,1.383128,1.730969,0.822858
1234,1.409338,1.787705,0.787082
1235,1.439029,1.724828,0.913351
1236,1.466839,1.406315,0.883888
1237,1.512923,1.378550,0.816544
1238,1.536374,1.797489,0.940710
1239,1.561235,2.005460,0.829171
1240,1.595773,1.775717,0.747096
1241,1.630992,1.305910,0.734469
1242,1.661186,1.367899,0.734469
1243,1.683031,1.330739,0.732365
1244,1.694898,1.206351,0.717633
1245,1.696330,0.816274,0.723947
1246,1.708811,1.174878,0.883888
1247,1.712960,1.973163,0.904933
1248,1.703056,1.916252,0.761828
1249,1.712966,1.862750,0.721842
1250,1.730810,1.242876,0.848112
1251,1.776034,0.991662,1.683597
1252,1.864081,1.784558,2.104496
1253,1.909904,2.731028,2.588530
1254,1.997809,1.839902,2.251811
1255,2.174135,2.278506,1.946659
1256,2.319996,1.725820,1.820389
1257,2.517059,2.716683,1.641507
1258,2.693500,2.166742,1.515237
1259,2.878090,1.914101,1.431057
1260,3.079102,1.949365,1.388967
1261,3.215746,2.178628,1.283743
1262,3.354687,2.828438,1.189040
1263,3.477777,3.008340,1.136428
1264,3.574397,2.850135,0.907038
1265,3.639281,2.590566,0.852321
1266,3.670879,2.152624,0.980695
1267,3.723375,2.948779,0.961755
1268,3.692270,2.788386,1.584686
1269,3.676713,2.632673,1.073293
1270,3.661720,2.586535,0.873366
1271,3.638081,2.654913,0.793395
1272,3.600719,2.591454,0.755514
1273,3.547453,1.688634,1.576268
1274,3.523542,1.861134,3.788093
1275,3.462435,2.707914,1.995062
1276,3.399864,2.739981,1.393176
1277,3.364733,2.223359,1.136428
1278,3.339709,1.366092,1.144846
1279,3.325085,2.146822,1.056457
1280,3.292904,1.811582,1.085920
1281,3.307542,2.340395,1.607835
1282,3.272760,1.781127,1.955077
1283,3.298231,2.065653,3.598688
1284,3.325920,2.856982,2.630620
1285,3.362467,2.934734,1.875106
1286,3.426197,2.822073,1.481565
1287,3.493809,2.686280,1.229026
1288,3.550503,2.594063,1.085920
1289,3.587638,2.572676,0.987009
1290,3.600943,2.579916,0.904933
1291,3.589172,2.249362,0.843903
1292,3.553099,1.355148,0.869157
1293,3.505997,1.590492,0.915456
1294,3.436376,1.369893,0.862843
1295,3.369372,2.255685,0.806022
1296,3.281947,2.356633,0.753410
1297,3.204730,2.343522,0.711320
1298,3.130109,2.211120,0.723947
1299,3.053481,1.505745,0.831276
1300,2.988560,1.781176,0.879679
1301,2.906084,1.930335,0.850216
1302,2.828779,1.983432,0.812335
1303,2.754736,2.004048,0.873366
1304,2.683393,1.888605,0.782873
1305,2.611334,1.851646,0.719738
1306,2.538545,1.880656,0.683961
1307,2.460621,1.782853,0.675543
1308,2.380820,1.251817,0.761828
1309,2.311893,1.508051,0.816544
1310,2.237301,1.930334,0.726051
1311,2.162279,1.836966,0.673439
1312,2.099519,1.604429,0.679752
1313,2.043248,1.414355,0.709215
1314,1.989694,1.090581,0.671334
1315,1.939529,1.189660,0.669230
1316,1.888934,1.669062,0.652394
1317,1.835691,1.621211,0.631349
1318,1.784921,1.612953,0.625035
1319,1.739114,1.665912,0.627140
1320,1.688712,1.477368,0.658707
1321,1.640943,1.304990,0.671334
1322,1.594222,1.403582,0.618722
1323,1.550482,1.177143,0.606095
1324,1.506752,1.360494,0.721842
1325,1.461690,1.347678,0.627140
1326,1.420049,1.382725,0.595572
1327,1.380227,1.341205,0.574527
1328,1.341247,1.262533,0.566109
1329,1.302567,1.111124,0.555587
1330,1.263949,1.208745,0.551378
1331,1.225354,1.041817,0.559796
1332,1.186867,0.863157,0.593468
1333,1.170884,1.270594,0.692379
1334,1.140480,1.441566,0.759723
1335,1.120586,1.156877,0.719738
1336,1.124142,0.997363,3.072564
1337,1.209405,2.016964,2.146586
1338,1.221952,2.018331,1.296370
1339,1.300167,2.056215,1.029099
1340,1.411628,1.958116,0.898620
1341,1.534009,1.791951,0.955441
1342,1.652500,1.165307,9.154558
1343,1.845600,1.099595,7.071107
1344,2.001407,2.068601,3.093609
1345,2.134975,2.184655,2.230766
1346,2.340205,2.242722,1.811971
1347,2.571426,2.277450,1.416326
1348,2.798209,2.180104,1.191145
1349,3.001346,1.982204,1.054353
1350,3.169770,1.986380,0.942814
1351,3.298202,1.879289,0.852321
1352,3.385372,1.854723,0.793395
1353,3.432693,1.852443,0.753410
1354,3.443270,1.744831,0.719738
1355,3.421184,1.725211,0.688170
1356,3.370980,1.572921,0.683961
1357,3.297304,1.155166,1.908778
1358,3.289317,1.603572,2.504350
1359,3.181118,1.564549,1.616253
1360,3.128622,1.479285,1.252175
1361,3.112744,1.165599,1.761463
1362,3.192587,1.364124,2.925250
1363,3.213228,1.388293,2.335991
1364,3.272923,1.498156,1.679388
1365,3.384799,1.148695,1.418430
1366,3.544254,1.455987,2.609575
1367,3.665023,1.645055,1.969808
1368,3.788863,1.592920,1.412117
1369,3.896797,1.499771,1.178518
1370,3.977752,1.491163,1.050144
1371,4.026265,1.472448,0.989113
1372,4.040766,1.444037,0.928083
1373,4.022283,1.136790,0.885993
1374,3.980896,1.119992,0.858634
1375,3.907268,1.299054,0.818649
1376,3.814917,1.253472,0.782873
1377,3.708870,1.214579,0.755514
1378,3.590665,1.170836,0.738678
1379,3.462363,1.149120,0.723947
1380,3.326249,1.086477,0.726051
1381,3.184641,1.022235,0.707111
1382,3.039750,1.080040,0.694484
1383,2.893600,1.124938,0.715529
1384,2.747982,1.127957,0.698693
1385,2.604433,0.837483,0.734469
1386,2.491394,0.782359,0.818649
1387,2.374437,0.892300,0.766037
1388,2.264741,0.829652,0.719738
1389,2.187669,0.828165,0.698693
1390,2.130120,0.910100,0.696588
1391,2.083037,0.935174,0.713424
1392,2.040357,0.942900,0.711320
1393,1.998214,0.907589,0.705006
1394,1.954320,0.850376,0.681857
1395,1.907505,0.795221,0.673439
1396,1.857363,0.692736,0.694484
1397,1.825151,0.717417,0.778664
1398,1.768770,0.726278,0.784977
1399,1.726839,0.593952,0.757619
1400,1.704222,0.500624,0.799709
1401,1.691240,0.568047,0.778664
1402,1.685421,0.590548,0.808126
1403,1.711554,0.744926,0.888097
1404,1.727507,0.664099,0.921769
1405,1.798594,0.435891,1.020681
1406,1.883405,0.349939,1.031203
1407,1.962069,0.458283,0.963859
1408,2.061930,0.539840,0.896515
1409,2.163976,0.600701,0.850216
1410,2.256033,0.626015,0.814440
1411,2.330901,0.584290,0.797604
1412,2.387605,0.569558,0.860739
1413,2.467508,0.576190,1.121696
1414,2.479574,0.522224,1.216399
1415,2.510558,0.527472,1.066980
1416,2.544989,0.514393,0.974382
1417,2.573018,0.555597,0.923874
1418,2.588869,0.537760,0.911247
1419,2.589660,0.539704,0.885993
1420,2.574512,0.607750,0.869157
1421,2.543884,0.538339,1.029099
1422,2.554069,0.589421,2.883160
1423,2.574121,0.613305,3.556598
1424,2.548559,0.468138,2.272856
1425,2.625136,0.558984,2.188676
1426,2.748613,0.560741,3.009429
1427,2.867777,0.439051,2.378081
1428,3.018904,0.379834,1.938241
1429,3.172722,0.389921,1.681492
1430,3.310549,0.405982,1.496297
1431,3.421394,0.417381,1.355295
1432,3.499748,0.418568,1.252175
1433,3.543915,0.404375,1.153264
1434,3.554755,0.419181,1.092233
1435,3.562000,0.401306,1.085920
1436,3.515429,0.348335,1.026994
1437,3.465761,0.352474,0.989113
1438,3.420773,0.376434,0.963859
1439,3.354263,0.380442,0.961755
1440,3.285662,0.377284,1.064875
1441,3.234265,0.406184,1.100651
1442,3.152853,0.357826,1.050144
1443,3.080495,0.378923,1.014367
1444,3.011482,0.418208,0.984904
1445,2.940791,0.480824,0.959650
1446,2.865656,0.458262,0.976486
1447,2.798369,0.429283,0.989113
1448,2.719259,0.399959,0.976486
1449,2.637866,0.429671,0.959650
1450,2.563976,0.450025,1.245862
1451,2.552579,0.434173,1.689910
1452,2.480365,0.460868,1.696224
1453,2.479255,0.523214,2.925250
1454,2.532378,0.388230,4.693026
1455,2.567292,0.355843,3.535553
1456,2.646671,0.379196,2.946295
1457,2.771320,0.395411,2.567485
1458,2.893471,0.429756,2.293901
1459,3.019135,0.523557,2.077138
1460,3.125675,0.599500,1.877210
1461,3.220263,0.562522,1.723582
